Zip Code,Lat,Long,Lat Feet,Long Feet
12,40.2365,-120.941,4614040,5242780
16,35.4998,-118.42,2860240,5915410
17,37.2919,-118.858,3516320,5801410
18,34.5235,-118.946,2508530,5749400
19,40.5859,-120.153,4733070,5469010
20,37.5976,-119.274,3631240,5683160
22,39.3777,-123.543,4341970,4490080
26,36.2125,-118.329,3119060,5947750
28,40.0935,-120.405,4555230,5391160
29,39.5126,-121.059,4350370,5197370
31,40.3775,-121.131,4668190,5191830
32,34.763,-119.729,2602660,5516790
33,39.4771,-120.189,4327020,5443630
34,41.9422,-123.214,5275750,4646260
35,41.424,-121.798,5061720,5025250
37,40.0443,-122.872,4573090,4695800
38,40.1281,-121.728,4585100,5019460
39,40.2663,-123.226,4660770,4601740
40,38.0213,-119.561,3788480,5604910
44,38.4762,-119.753,3956470,5554980
47,39.7094,-122.808,4449380,4706140
48,39.4058,-122.843,4338980,4689160
49,41.5572,-123.769,5144830,4483520
50,41.0853,-123.501,4966310,4545540
51,38.9355,-120.319,4130260,5398730
52,38.6809,-120.324,4037240,5393930
54,41.1901,-123.888,5012450,4440820
55,41.0041,-123.291,4932550,4601780
57,33.9955,-119.944,2325770,5442160
58,37.755,-119.441,3690140,5636550
61,33.2581,-119.485,2052880,5572880
65,39.6559,-120.833,4399940,5263710
90001,33.9741,-118.25,2303890,5955360
90002,33.9489,-118.247,2294720,5956010
90003,33.9641,-118.274,2300410,5947990
90004,34.0762,-118.311,2341420,5937440
90005,34.0601,-118.31,2335530,5937810
90006,34.048,-118.294,2331050,5942470
90007,34.0279,-118.285,2323670,5945070
90008,34.0091,-118.348,2317200,5925830
90011,34.0075,-118.259,2316090,5952890
90012,34.0662,-118.239,2337350,5959370
90013,34.0443,-118.241,2329390,5958600
90014,34.0431,-118.252,2329030,5955110
90015,34.0396,-118.267,2327830,5950710
90016,34.0284,-118.354,2324270,5924130
90017,34.0531,-118.265,2332720,5951420
90018,34.0281,-118.318,2323940,5935200
90019,34.0486,-118.339,2331530,5928930
90020,34.0663,-118.31,2337810,5937690
90021,34.0292,-118.239,2323880,5959090
90022,34.0243,-118.156,2321640,5984280
90023,34.0217,-118.2,2320930,5970660
90024,34.0653,-118.435,2338200,5899930
90025,34.0451,-118.447,2330930,5896220
90026,34.0787,-118.264,2342050,5951880
90027,34.1251,-118.291,2359070,5944070
90028,34.0999,-118.327,2350120,5932900
90029,34.0898,-118.295,2346240,5942620
90031,34.08,-118.212,2342210,5967560
90032,34.0806,-118.179,2342230,5977650
90033,34.0502,-118.211,2331370,5967710
90034,34.0307,-118.4,2325380,5910400
90035,34.0519,-118.384,2332990,5915330
90036,34.0704,-118.35,2339520,5925670
90037,34.0028,-118.287,2314550,5944150
90038,34.089,-118.327,2346140,5932900
90039,34.1123,-118.261,2354250,5952880
90040,33.9935,-118.149,2310390,5986050
90041,34.1371,-118.207,2362970,5969360
90042,34.1151,-118.192,2354880,5973870
90043,33.9887,-118.335,2309720,5929620
90044,33.953,-118.292,2296470,5942580
90045,33.9531,-118.401,2297170,5909320
90046,34.1072,-118.365,2353020,5921510
90047,33.9539,-118.309,2296910,5937350
90048,34.0731,-118.373,2340650,5918830
90049,34.0869,-118.488,2346420,5883970
90056,33.9933,-118.374,2311620,5917950
90057,34.0622,-118.277,2336110,5947680
90058,34.0024,-118.215,2313970,5966260
90059,33.9255,-118.25,2286200,5955010
90061,33.9205,-118.274,2284520,5947650
90062,34.0034,-118.309,2314900,5937690
90063,34.0443,-118.185,2329070,5975470
90064,34.0372,-118.424,2327910,5902970
90065,34.1094,-118.228,2353000,5962930
90066,34.0019,-118.431,2315130,5900590
90067,34.0575,-118.414,2335250,5906180
90068,34.1281,-118.329,2360390,5932560
90069,34.0943,-118.381,2348430,5916350
90071,34.0524,-118.256,2332420,5954190
90073,34.0592,-118.451,2336080,5894880
90077,34.105,-118.456,2352770,5894020
90089,34.0215,-118.288,2321370,5944200
90094,33.976,-118.417,2305580,5904710
90095,34.0703,-118.443,2340080,5897620
90201,33.9706,-118.171,2302180,5979310
90210,34.1023,-118.415,2351530,5906360
90211,34.0648,-118.383,2337710,5915630
90212,34.062,-118.402,2336800,5910000
90220,33.8806,-118.236,2269780,5958810
90221,33.886,-118.206,2271590,5968110
90222,33.9127,-118.236,2281460,5959230
90230,33.995,-118.399,2312390,5910200
90232,34.018,-118.392,2320710,5912620
90240,33.9568,-118.118,2296860,5995150
90241,33.9409,-118.129,2291140,5991890
90242,33.9223,-118.141,2284440,5987910
90245,33.9171,-118.402,2284070,5908900
90247,33.8912,-118.298,2274020,5940280
90248,33.878,-118.284,2269120,5944240
90249,33.9015,-118.317,2277870,5934410
90250,33.9144,-118.349,2282770,5924880
90254,33.8653,-118.397,2265180,5910050
90255,33.977,-118.217,2304770,5965320
90260,33.8886,-118.352,2273400,5923790
90262,33.9236,-118.201,2285250,5969870
90263,34.0393,-118.708,2330570,5816980
90265,34.0656,-118.816,2340940,5784610
90266,33.8896,-118.398,2274030,5909950
90270,33.9887,-118.188,2308830,5974320
90272,34.0798,-118.544,2344190,5866920
90274,33.777,-118.369,2232900,5917770
90275,33.7553,-118.363,2224970,5919420
90277,33.8306,-118.384,2252480,5913640
90278,33.8734,-118.37,2267960,5918100
90280,33.9444,-118.192,2292760,5972680
90290,34.1021,-118.612,2352770,5846720
90291,33.9942,-118.463,2312510,5890810
90293,33.9515,-118.439,2296840,5898000
90301,33.9565,-118.359,2298120,5922250
90302,33.9748,-118.356,2304790,5923290
90303,33.9363,-118.331,2290630,5930470
90304,33.9371,-118.359,2291070,5922120
90305,33.9583,-118.331,2298640,5930600
90401,34.015,-118.493,2320260,5881960
90402,34.035,-118.503,2327640,5878980
90403,34.0306,-118.491,2325950,5882820
90404,34.0267,-118.474,2324420,5887910
90405,34.0117,-118.469,2318900,5889360
90501,33.8336,-118.314,2253170,5934820
90502,33.8352,-118.293,2253590,5941290
90503,33.842,-118.352,2256450,5923540
90504,33.8695,-118.33,2266320,5930310
90505,33.8087,-118.348,2244320,5924300
90506,33.8842,-118.332,2271660,5929770
90601,34.0025,-118.031,2313020,6021790
90602,33.9699,-118.031,2301170,6021690
90603,33.9456,-117.992,2292140,6033420
90604,33.9302,-118.013,2286610,6026950
90605,33.9493,-118.023,2293630,6023820
90606,33.9768,-118.066,2303870,6011170
90620,33.8463,-118.011,2256100,6026840
90621,33.875,-117.993,2266440,6032550
90623,33.8505,-118.041,2257760,6017890
90630,33.8181,-118.038,2245960,6018560
90631,33.9418,-117.951,2290540,6045620
90638,33.9026,-118.009,2276550,6027940
90639,33.9059,-118.015,2277770,6026190
90640,34.0146,-118.111,2317860,5997710
90650,33.907,-118.083,2278540,6005530
90660,33.9888,-118.09,2308350,6003790
90670,33.9316,-118.062,2287390,6012040
90680,33.8011,-117.995,2239560,6031600
90701,33.8676,-118.081,2264190,6005970
90703,33.868,-118.069,2264290,6009580
90704,33.1749,-118.456,2014160,5886760
90706,33.888,-118.127,2271870,5991960
90710,33.7981,-118.299,2240160,5939130
90712,33.8491,-118.147,2257830,5985680
90713,33.848,-118.113,2257230,5996140
90715,33.8405,-118.079,2254310,6006350
90716,33.8307,-118.073,2250730,6007940
90717,33.793,-118.318,2238410,5933470
90720,33.7956,-118.064,2237910,6010640
90723,33.8976,-118.165,2275580,5980650
90731,33.7414,-118.279,2219390,5944910
90732,33.7409,-118.311,2219430,5935020
90740,33.755,-118.071,2223190,6008120
90742,33.7178,-118.072,2209660,6007750
90744,33.7823,-118.261,2234190,5950580
90745,33.8225,-118.262,2248820,5950580
90746,33.8608,-118.258,2262720,5951980
90747,33.8628,-118.257,2263450,5952450
90755,33.8029,-118.168,2241150,5979130
90802,33.7594,-118.206,2225530,5967250
90803,33.762,-118.124,2226020,5992170
90804,33.7828,-118.15,2233710,5984450
90805,33.8649,-118.181,2263750,5975550
90806,33.805,-118.189,2242010,5972610
90807,33.8288,-118.178,2250630,5976100
90808,33.8238,-118.115,2248440,5995230
90810,33.8193,-118.221,2247400,5962990
90813,33.7805,-118.202,2233190,5968470
90814,33.7717,-118.144,2229650,5986090
90815,33.7962,-118.116,2238420,5994810
90822,33.7376,-118.256,2217880,5951850
90840,33.784,-118.115,2233950,5995070
91001,34.1952,-118.138,2383720,5990700
91006,34.1349,-118.027,2361190,6024010
91007,34.1288,-118.048,2359080,6017550
91008,34.1542,-117.967,2367920,6042230
91010,34.1441,-117.955,2364170,6045670
91011,34.2246,-118.111,2394270,5999140
91016,34.1665,-117.983,2372470,6037420
91020,34.2115,-118.231,2390180,5962770
91024,34.169,-118.05,2373720,6017170
91030,34.1104,-118.157,2352980,5984350
91040,34.275,-118.318,2413780,5936960
91042,34.3147,-118.208,2427580,5970480
91101,34.1466,-118.139,2366040,5990140
91103,34.1668,-118.165,2373550,5982420
91104,34.168,-118.123,2373750,5994940
91105,34.1398,-118.168,2363720,5981260
91106,34.1391,-118.128,2363230,5993500
91107,34.1589,-118.087,2370210,6005840
91108,34.1224,-118.114,2357090,5997590
91123,34.1428,-118.158,2364750,5984380
91201,34.1702,-118.289,2375500,5944860
91202,34.1682,-118.269,2374620,5951050
91203,34.1527,-118.264,2368980,5952320
91204,34.1362,-118.261,2362930,5953240
91205,34.1366,-118.244,2362990,5958410
91206,34.1606,-118.214,2371570,5967360
91207,34.1846,-118.259,2380520,5954110
91208,34.1961,-118.24,2384600,5959810
91214,34.2357,-118.245,2399040,5958530
91301,34.1224,-118.766,2361220,5800270
91302,34.1246,-118.674,2361390,5828190
91303,34.1979,-118.602,2387550,5850500
91304,34.224,-118.633,2397250,5841230
91306,34.2101,-118.576,2391820,5858430
91307,34.1984,-118.696,2388400,5821940
91311,34.2857,-118.605,2419510,5850400
91316,34.1653,-118.516,2375100,5876180
91320,34.1415,-118.979,2369800,5735950
91321,34.3623,-118.49,2446620,5885620
91324,34.2385,-118.55,2401970,5866420
91325,34.2368,-118.518,2401140,5876090
91326,34.2804,-118.556,2417240,5864990
91330,34.2422,-118.527,2403170,5873520
91331,34.2555,-118.42,2407300,5905820
91335,34.2013,-118.541,2388370,5869010
91340,34.2867,-118.435,2418780,5901650
91342,34.3475,-118.353,2440360,5926910
91343,34.2386,-118.481,2401560,5887370
91344,34.292,-118.506,2421140,5880170
91345,34.2664,-118.46,2411530,5893820
91350,34.4267,-118.513,2470200,5879210
91351,34.4339,-118.462,2472510,5894460
91352,34.2303,-118.354,2397750,5925750
91354,34.4521,-118.553,2479710,5867370
91355,34.4187,-118.598,2467860,5853430
91356,34.1539,-118.547,2371150,5866790
91360,34.2142,-118.88,2395510,5766420
91361,34.146,-118.878,2370650,5766470
91362,34.1926,-118.819,2387170,5784720
91364,34.1551,-118.595,2371930,5852110
91367,34.1764,-118.616,2379820,5846040
91371,34.1838,-118.58,2382290,5856890
91377,34.1859,-118.765,2384350,5800990
91381,34.3679,-118.613,2449490,5848560
91384,34.5554,-118.644,2517930,5840640
91387,34.4028,-118.404,2460820,5911910
91390,34.5258,-118.394,2505510,5915730
91401,34.1781,-118.432,2379220,5901840
91402,34.2242,-118.445,2396100,5898210
91403,34.1467,-118.463,2367990,5892080
91405,34.2011,-118.448,2387710,5897050
91406,34.1989,-118.49,2387160,5884410
91411,34.1778,-118.459,2379300,5893490
91423,34.1484,-118.433,2368420,5901270
91436,34.1501,-118.494,2369440,5882640
91501,34.2028,-118.299,2387390,5942170
91502,34.1785,-118.312,2378650,5938010
91504,34.2034,-118.329,2387800,5933060
91505,34.177,-118.348,2378310,5927120
91506,34.1713,-118.324,2376100,5934310
91521,34.1571,-118.325,2370920,5933820
91522,34.1485,-118.337,2367870,5930070
91523,34.1543,-118.333,2369960,5931380
91601,34.1682,-118.372,2375250,5919750
91602,34.1507,-118.366,2368860,5921460
91604,34.1396,-118.393,2364990,5913140
91605,34.207,-118.401,2389560,5911360
91606,34.1868,-118.389,2382130,5914770
91607,34.1665,-118.4,2374820,5911350
91608,34.1386,-118.353,2364380,5925340
91701,34.138,-117.601,2360360,6152900
91702,34.2322,-117.835,2395660,6082560
91706,34.0985,-117.968,2347630,6041680
91708,33.9535,-117.647,2293420,6137970
91709,33.951,-117.726,2292830,6114100
91710,34.0045,-117.679,2312100,6128480
91711,34.1272,-117.716,2356920,6118120
91722,34.0972,-117.906,2346860,6060330
91723,34.0849,-117.887,2342300,6066110
91724,34.0807,-117.855,2340600,6075520
91730,34.0996,-117.58,2346320,6159150
91731,34.0786,-118.041,2340780,6019290
91732,34.0723,-118.015,2338350,6027230
91733,34.0454,-118.053,2328760,6015510
91737,34.1517,-117.583,2365280,6158440
91739,34.1353,-117.526,2359110,6175640
91740,34.1185,-117.854,2354380,6076280
91741,34.1543,-117.84,2367340,6080470
91744,34.029,-117.937,2322200,6050430
91745,33.9999,-117.978,2311810,6037980
91746,34.0441,-117.989,2327940,6034960
91748,33.9763,-117.899,2302840,6061830
91750,34.1436,-117.762,2363070,6104120
91752,33.9959,-117.534,2308410,6172440
91754,34.0519,-118.146,2331600,5987380
91755,34.0479,-118.114,2329990,5996930
91759,34.2242,-117.577,2391660,6160450
91761,34.0345,-117.593,2322690,6154860
91762,34.0344,-117.646,2322860,6138700
91763,34.0719,-117.698,2336710,6123050
91764,34.0751,-117.602,2337510,6152100
91765,33.9874,-117.815,2306460,6087160
91766,34.0419,-117.757,2326040,6105050
91767,34.0814,-117.738,2340350,6110950
91768,34.0632,-117.789,2333950,6095510
91770,34.0645,-118.083,2335870,6006420
91773,34.1069,-117.809,2349940,6089720
91775,34.1146,-118.089,2354130,6004950
91776,34.0897,-118.096,2345110,6002880
91780,34.1017,-118.056,2349240,6015030
91784,34.1411,-117.659,2361720,6135240
91786,34.1052,-117.664,2348690,6133640
91789,34.0208,-117.854,2318810,6075580
91790,34.0673,-117.938,2336130,6050550
91791,34.0608,-117.894,2333550,6063680
91792,34.0253,-117.9,2320680,6061720
91801,34.0906,-118.128,2345580,5993000
91803,34.0747,-118.146,2339900,5987430
91901,32.808,-116.715,1874070,6418790
91902,32.674,-117.005,1825850,6329330
91905,32.7266,-116.302,1844120,6545720
91906,32.6961,-116.517,1833150,6479630
91910,32.6379,-117.056,1812850,6313650
91911,32.607,-117.05,1801570,6315270
91913,32.6314,-116.986,1810320,6334990
91914,32.6677,-116.949,1823440,6346410
91915,32.6157,-116.962,1804550,6342300
91916,32.921,-116.635,1915100,6443590
91917,32.6104,-116.789,1802280,6395550
91932,32.5757,-117.119,1790360,6293930
91934,32.6318,-116.209,1809660,6574380
91935,32.6861,-116.817,1829880,6387250
91941,32.7599,-116.994,1857090,6332960
91942,32.7777,-117.022,1863610,6324360
91945,32.7332,-117.034,1847470,6320620
91950,32.6683,-117.092,1823970,6302610
91962,32.8112,-116.454,1874980,6499110
91963,32.6385,-116.615,1812290,6449320
91977,32.7235,-116.996,1843860,6332240
91978,32.713,-116.942,1839900,6348880
91980,32.587,-116.662,1793600,6434770
92003,33.2847,-117.2,2048550,6271400
92004,33.2077,-116.283,2019130,6551760
92007,33.0193,-117.27,1952160,6249000
92008,33.1466,-117.318,1998660,6234650
92009,33.0955,-117.245,1979810,6256830
92010,33.1566,-117.284,2002190,6245090
92011,33.1072,-117.295,1984220,6241710
92014,32.9686,-117.246,1933650,6256330
92019,32.7805,-116.879,1864340,6368190
92020,32.7965,-116.97,1870340,6340260
92021,32.8392,-116.869,1885700,6371420
92024,33.0585,-117.256,1966410,6253590
92025,33.0845,-117.028,1975260,6323310
92026,33.2137,-117.114,2022480,6297420
92027,33.1363,-116.983,1994010,6337210
92028,33.4051,-117.252,2092510,6255990
92029,33.0811,-117.131,1974260,6291680
92036,32.9444,-116.378,1923390,6522450
92037,32.852,-117.252,1891270,6254020
92040,32.9131,-116.883,1912600,6367510
92054,33.1939,-117.356,2015960,6223390
92055,33.3762,-117.414,2082470,6206470
92056,33.2016,-117.289,2018560,6243750
92057,33.2524,-117.29,2037040,6243630
92058,33.2671,-117.355,2042580,6223930
92059,33.3841,-116.971,2084150,6341600
92061,33.3059,-116.928,2055610,6354430
92064,32.985,-117.021,1939040,6325350
92065,33.0427,-116.848,1959680,6378530
92066,33.2658,-116.551,2040470,6469740
92067,33.0173,-117.197,1951220,6271400
92069,33.1754,-117.158,2008640,6283870
92070,33.1894,-116.756,2012900,6406990
92071,32.8656,-117.014,1895600,6327040
92075,32.9949,-117.258,1943280,6252590
92078,33.1186,-117.185,1988050,6275270
92081,33.165,-117.241,2005090,6258440
92082,33.2531,-116.995,2036530,6333920
92083,33.198,-117.248,2017120,6256330
92084,33.2223,-117.205,2025840,6269520
92086,33.3048,-116.679,2054780,6430590
92091,33.0204,-117.205,1952380,6268890
92093,32.8813,-117.234,1901870,6259600
92096,33.129,-117.159,1991770,6283250
92101,32.723,-117.17,1844080,6278770
92102,32.7172,-117.118,1841840,6294540
92103,32.7473,-117.167,1852940,6279750
92104,32.7428,-117.127,1851190,6292080
92105,32.7376,-117.093,1849200,6302590
92106,32.7186,-117.234,1842660,6259060
92107,32.7416,-117.243,1851070,6256200
92108,32.7737,-117.144,1862470,6286860
92109,32.7917,-117.234,1869260,6259400
92110,32.7639,-117.201,1859050,6269400
92111,32.8126,-117.167,1876680,6279830
92113,32.6969,-117.118,1834470,6294590
92114,32.7078,-117.055,1838250,6314020
92115,32.7612,-117.072,1857720,6309080
92116,32.7649,-117.123,1859210,6293300
92117,32.8248,-117.2,1881200,6269850
92118,32.6743,-117.168,1826350,6279120
92119,32.807,-117.031,1874300,6321800
92120,32.7945,-117.073,1869860,6308830
92121,32.8982,-117.202,1907910,6269540
92122,32.8576,-117.206,1893170,6267940
92123,32.8074,-117.135,1874700,6289760
92124,32.8238,-117.094,1880570,6302260
92126,32.9127,-117.143,1913050,6287520
92127,33.0199,-117.124,1951970,6293830
92128,32.9972,-117.073,1943580,6309440
92129,32.9646,-117.125,1931860,6293150
92130,32.949,-117.205,1926420,6268630
92131,32.9193,-117.069,1915270,6310350
92132,,,1842732,6278505
92134,32.726,-117.146,1845130,6286040
92135,32.6997,-117.209,1835720,6266670
92136,32.6802,-117.12,1828370,6293940
92139,32.6799,-117.049,1828110,6315850
92140,32.7404,-117.197,1850480,6270510
92145,32.8681,-117.111,1896720,6297440
92147,,,1844566,6263742
92152,32.6929,-117.246,1833340,6255150
92154,32.5675,-117,1787080,6330680
92155,32.6753,-117.161,1826710,6281240
92161,,,1899477,6258957
92173,32.5548,-117.05,1782600,6315070
92179,,,1789485,6349974
92182,32.7758,-117.073,1863050,6308570
92201,33.7067,-116.235,2200770,6566300
92203,33.7519,-116.241,2217200,6564270
92210,33.7038,-116.34,2199710,6534300
92211,33.7675,-116.333,2222900,6536520
92220,33.9416,-116.852,2286780,6379200
92223,33.9261,-116.982,2281370,6339670
92225,33.6961,-114.63,2200660,7054450
92227,33.0074,-115.432,1947340,6812570
92230,33.9103,-116.778,2275270,6401360
92231,32.6848,-115.547,1829680,6778130
92233,33.1843,-115.548,2011390,6776370
92234,33.8174,-116.467,2241110,6495710
92236,33.6891,-116.169,2194370,6586270
92239,33.7782,-115.4,2228020,6819930
92240,33.9637,-116.52,2294380,6479690
92241,33.8606,-116.327,2256800,6538270
92242,34.1825,-114.365,2379070,7131730
92243,32.7737,-115.602,1861900,6761000
92249,32.7198,-115.459,1842600,6804870
92250,32.7942,-115.356,1869920,6836260
92251,32.8712,-115.622,1897340,6754590
92252,34.1567,-116.288,2364510,6550140
92253,33.6544,-116.281,2181750,6552350
92254,33.4899,-115.927,2122040,6660230
92256,34.0972,-116.596,2343040,6457010
92257,33.347,-115.71,2070320,6726600
92258,33.9252,-116.565,2280420,6466080
92259,32.7454,-116.007,1851070,6636480
92260,33.6912,-116.396,2195160,6517250
92262,33.8625,-116.568,2257610,6465060
92264,33.7409,-116.536,2213320,6474620
92267,34.2934,-114.213,2420280,7176950
92270,33.7666,-116.425,2222600,6508450
92274,33.121,-115.937,1987560,6657730
92276,33.8244,-116.38,2243630,6522260
92277,34.2065,-115.781,2383000,6703480
92278,34.4693,-116.142,2478320,6594400
92280,34.2014,-114.791,2383920,7002910
92281,33.0814,-115.675,1973720,6737820
92282,33.9615,-116.662,2293740,6436620
92283,33.0782,-114.985,1974340,6949390
92284,34.1729,-116.47,2370490,6495270
92285,34.4356,-116.552,2466150,6470680
92301,34.6692,-117.532,2553430,6176180
92304,34.7082,-115.835,2565500,6686560
92305,34.1668,-116.873,2368770,6373170
92307,34.5912,-117.13,2523800,6296680
92308,34.4248,-117.156,2463310,6288300
92309,35.3645,-116.068,2804090,6616350
92310,35.3647,-116.636,2804500,6446490
92311,34.8763,-117.02,2627310,6330740
92313,34.0314,-117.313,2320560,6239440
92314,34.2742,-116.913,2407940,6361390
92315,34.2483,-116.915,2398530,6360640
92316,34.0592,-117.393,2330950,6215360
92317,34.2467,-117.215,2398630,6269870
92318,34.0489,-117.234,2326700,6263680
92320,33.9861,-117.05,2303390,6319230
92321,34.245,-117.172,2397890,6283130
92322,34.233,-117.328,2393980,6235890
92324,34.0361,-117.295,2322240,6245170
92325,34.2465,-117.293,2398800,6246550
92327,34.85,-116.844,2617420,6383270
92328,36.4221,-117.131,3190410,6302240
92332,34.6053,-115.23,2529180,6868640
92333,34.2725,-116.944,2407370,6351830
92335,34.087,-117.466,2341310,6193370
92336,34.1377,-117.463,2359740,6194660
92337,34.0492,-117.471,2327570,6191680
92338,34.8962,-116.351,2633670,6531430
92339,34.0897,-116.841,2340670,6382740
92341,34.2379,-117.076,2395070,6311860
92342,34.7754,-117.355,2591510,6229710
92344,34.3915,-117.405,2451940,6213200
92345,34.3855,-117.308,2449420,6242360
92346,34.1188,-117.178,2351990,6280660
92347,35.0476,-117.304,2690440,6246180
92350,34.0509,-117.264,2327520,6254590
92352,34.2666,-117.196,2405820,6275910
92354,34.0496,-117.251,2327000,6258290
92356,34.5272,-116.876,2499930,6372970
92358,34.2702,-117.536,2408240,6173130
92359,34.1149,-117.082,2350310,6309680
92363,34.6034,-114.665,2530580,7038790
92364,35.3199,-115.428,2788990,6807140
92365,34.8553,-116.677,2619040,6433590
92368,34.6665,-117.294,2551670,6247780
92371,34.456,-117.541,2475880,6172430
92372,34.4412,-117.632,2470860,6144920
92373,34.0032,-117.154,2309840,6287600
92374,34.0686,-117.172,2333690,6282440
92376,34.1108,-117.38,2349690,6219510
92377,34.155,-117.405,2365860,6212090
92378,34.2312,-117.226,2393040,6266540
92382,34.1981,-117.128,2380720,6296180
92384,36.1493,-116.482,3090220,6493310
92385,34.2091,-117.124,2384710,6297420
92386,34.2434,-116.83,2396570,6386310
92389,35.8741,-116.006,2990000,6634000
92391,34.2383,-117.235,2395630,6263820
92392,34.4798,-117.408,2484070,6212710
92394,34.5644,-117.336,2514630,6234530
92395,34.5029,-117.294,2492130,6246960
92397,34.349,-117.589,2437130,6157530
92398,34.9099,-116.844,2639220,6383430
92399,34.0384,-117.008,2322300,6332150
92401,34.1055,-117.292,2347470,6246350
92404,34.1772,-117.274,2373500,6251860
92405,34.1457,-117.303,2362150,6243180
92407,34.2572,-117.308,2402740,6241830
92408,34.0845,-117.264,2339740,6254710
92410,34.1064,-117.297,2347810,6244760
92411,34.1223,-117.324,2353700,6236620
92415,34.1055,-117.288,2347450,6247500
92501,33.9955,-117.373,2307690,6221150
92503,33.8897,-117.447,2269450,6198480
92504,33.9068,-117.399,2275510,6213060
92505,33.9339,-117.495,2285700,6183980
92506,33.9337,-117.363,2285160,6224100
92507,33.9749,-117.324,2300060,6235900
92508,33.8929,-117.324,2270220,6235610
92509,34.0034,-117.446,2310840,6199230
92518,33.8851,-117.273,2267200,6251130
92521,33.9682,-117.335,2297650,6232780
92530,33.6071,-117.396,2166440,6212730
92532,33.695,-117.309,2198150,6239520
92536,33.4826,-116.807,2119700,6391750
92539,33.5546,-116.697,2145690,6425480
92543,33.7022,-116.979,2199890,6339880
92544,33.6421,-116.899,2177850,6364200
92545,33.7314,-117.04,2210660,6321330
92548,33.7606,-117.111,2221460,6300130
92549,33.7837,-116.777,2229190,6401510
92551,33.8812,-117.226,2265640,6265400
92553,33.9231,-117.245,2280950,6259720
92555,33.9046,-117.107,2273870,6301480
92557,33.9716,-117.259,2298670,6255810
92561,33.5876,-116.48,2157510,6491720
92562,33.5478,-117.268,2144470,6251450
92563,33.5817,-117.146,2156450,6288710
92567,33.8107,-117.103,2239670,6302540
92570,33.7844,-117.321,2230700,6236220
92571,33.8316,-117.189,2247520,6276380
92582,33.8082,-117.017,2238560,6328720
92583,33.7922,-116.92,2232550,6358050
92584,33.6604,-117.175,2185160,6280270
92585,33.7424,-117.17,2214990,6281980
92586,33.7065,-117.2,2202010,6272780
92587,33.6963,-117.249,2198430,6257880
92590,33.4813,-117.218,2120110,6266430
92591,33.5324,-117.111,2138420,6299220
92592,33.5064,-117.014,2128740,6328900
92595,33.6183,-117.26,2170100,6254090
92596,33.6406,-117.072,2177700,6311340
92602,33.7418,-117.739,2216770,6109060
92603,33.626,-117.791,2174890,6092600
92604,33.6881,-117.789,2197450,6093660
92606,33.6976,-117.813,2201020,6086360
92610,33.7064,-117.665,2203580,6131210
92612,33.6604,-117.826,2187540,6082080
92614,33.6819,-117.833,2195400,6080190
92617,33.6419,-117.842,2180910,6077010
92618,33.6786,-117.726,2193730,6112500
92620,33.7088,-117.756,2204860,6103570
92624,33.4584,-117.665,2113360,6130060
92625,33.6016,-117.866,2166320,6069740
92626,33.6791,-117.909,2194750,6057110
92627,33.6482,-117.92,2183550,6053350
92629,33.4777,-117.705,2120550,6117960
92630,33.6462,-117.686,2181770,6124770
92637,33.6088,-117.729,2168350,6111370
92646,33.665,-117.968,2189910,6038900
92647,33.7236,-118.007,2211430,6027560
92648,33.6823,-118.013,2196420,6025480
92649,33.7213,-118.045,2210760,6015900
92651,33.5588,-117.773,2150350,6097760
92653,33.5918,-117.699,2162020,6120550
92655,33.745,-117.985,2219100,6034260
92656,33.575,-117.732,2156060,6110250
92657,33.5906,-117.829,2162160,6080860
92660,33.6331,-117.875,2177840,6067190
92661,33.6016,-117.902,2166510,6058800
92662,33.6065,-117.893,2168260,6061460
92663,33.6248,-117.932,2175080,6049590
92672,33.396,-117.554,2090210,6163720
92673,33.4663,-117.612,2116020,6146430
92675,33.5658,-117.544,2151930,6167400
92676,33.7451,-117.608,2217440,6148970
92677,33.5277,-117.704,2138740,6118470
92679,33.6512,-117.564,2183100,6161930
92683,33.7525,-117.994,2221860,6031600
92688,33.6297,-117.611,2175470,6147380
92691,33.6106,-117.666,2168710,6130510
92692,33.6095,-117.643,2168250,6137470
92694,33.5483,-117.639,2145940,6138400
92697,33.647,-117.841,2182750,6077380
92701,33.7483,-117.859,2219680,6072700
92703,33.7486,-117.906,2220010,6058410
92704,33.7208,-117.908,2209910,6057420
92705,33.7569,-117.814,2222620,6086280
92706,33.7659,-117.882,2226170,6065840
92707,33.7092,-117.871,2205520,6068830
92708,33.7104,-117.951,2206320,6044260
92780,33.7358,-117.819,2214930,6084610
92782,33.7271,-117.8,2211690,6090470
92801,33.8449,-117.952,2255270,6044980
92802,33.8081,-117.924,2241740,6053320
92804,33.8187,-117.975,2245850,6037850
92805,33.8297,-117.906,2249530,6058870
92806,33.8382,-117.87,2252440,6069690
92807,33.85,-117.789,2256360,6094320
92808,33.8201,-117.701,2245100,6121110
92821,33.9275,-117.885,2285010,6065790
92823,33.9293,-117.807,2285290,6089430
92831,33.8793,-117.896,2267540,6061970
92832,33.8684,-117.929,2263720,6051950
92833,33.88,-117.961,2268090,6042340
92835,33.902,-117.915,2275890,6056340
92840,33.7859,-117.932,2233710,6050650
92841,33.7871,-117.982,2234400,6035510
92843,33.7639,-117.931,2225710,6050710
92844,33.7655,-117.97,2226480,6039080
92845,33.783,-118.026,2233150,6021890
92860,33.9246,-117.552,2282540,6166600
92861,33.8173,-117.81,2244570,6087800
92865,33.829,-117.848,2248990,6076240
92866,33.7846,-117.845,2232830,6077160
92867,33.8155,-117.824,2243970,6083660
92868,33.7877,-117.876,2234110,6067510
92869,33.8013,-117.774,2238560,6098760
92870,33.8809,-117.855,2267900,6074440
92879,33.88,-117.538,2266260,6170670
92880,33.9241,-117.609,2282570,6149440
92881,33.8407,-117.496,2251800,6183190
92882,33.8429,-117.607,2253030,6149620
92883,33.7646,-117.493,2224090,6184010
92886,33.8966,-117.795,2273350,6092840
92887,33.8841,-117.732,2268520,6111890
93001,34.3476,-119.326,2447710,5633250
93003,34.2794,-119.219,2421950,5664670
93004,34.2807,-119.165,2421990,5681010
93010,34.2295,-119.076,2402610,5707570
93012,34.2061,-118.992,2393410,5732500
93013,34.4147,-119.515,2473850,5576870
93015,34.409,-118.874,2466330,5770300
93021,34.3094,-118.865,2430000,5771950
93022,34.4039,-119.298,2467940,5642130
93023,34.5187,-119.272,2509490,5651340
93030,34.2073,-119.18,2395400,5675810
93033,34.1534,-119.123,2375320,5692510
93035,34.1851,-119.224,2387710,5662180
93036,34.2376,-119.174,2406370,5678060
93040,34.4702,-118.769,2487790,5802340
93041,34.1507,-119.168,2374700,5678860
93042,34.1098,-119.113,2359340,5695200
93043,34.1623,-119.206,2379250,5667340
93060,34.3798,-119.104,2457530,5700430
93063,34.2882,-118.689,2421010,5824850
93065,34.2838,-118.77,2419990,5800490
93066,34.2976,-119.032,2427050,5721340
93067,34.4198,-119.596,2476500,5552470
93101,34.4195,-119.708,2477490,5518910
93103,34.4351,-119.684,2482930,5526110
93105,34.5733,-119.767,2534040,5502820
93106,34.4154,-119.849,2477440,5476240
93108,34.4539,-119.544,2488410,5568600
93109,34.4063,-119.726,2472870,5513060
93110,34.4351,-119.769,2483760,5500630
93111,34.4516,-119.803,2490130,5490510
93117,34.4942,-120.047,2508230,5417690
93202,36.3091,-119.708,3165360,5541660
93203,35.1168,-118.83,2723560,5789730
93204,35.9043,-120.082,3021780,5425980
93205,35.5768,-118.491,2888740,5894720
93206,35.4222,-119.481,2840180,5598450
93207,35.8721,-118.893,2999120,5777790
93210,36.1982,-120.403,3132420,5334970
93212,36.0527,-119.538,3070330,5588710
93215,35.7719,-119.154,2964680,5699550
93219,35.8769,-119.349,3004580,5642780
93221,36.3093,-119.075,3159800,5728320
93222,34.846,-119.181,2627810,5682030
93223,36.2937,-119.203,3155170,5690290
93224,35.2246,-119.582,2769210,5566190
93225,34.8163,-119.079,2616120,5712380
93226,35.7397,-118.677,2949320,5840890
93230,36.2922,-119.621,3158320,5567050
93234,36.2863,-120.091,3160950,5428430
93235,36.3856,-119.221,3188790,5686150
93238,35.7313,-118.371,2944280,5931790
93239,35.9427,-119.772,3032500,5518280
93240,35.6236,-118.423,2905370,5915360
93241,35.2536,-118.914,2774040,5765990
93242,36.4482,-119.715,3216100,5541270
93243,34.8089,-118.825,2611450,5788440
93244,36.3866,-118.964,3187110,5761760
93245,36.2919,-119.849,3160470,5499820
93247,36.2105,-119.073,3123790,5727860
93249,35.6422,-119.844,2923840,5493220
93250,35.6582,-119.154,2923250,5698280
93251,35.3643,-119.662,2820830,5543810
93252,34.8316,-119.367,2624150,5626200
93254,34.9653,-119.848,2677500,5483540
93255,35.6593,-118.118,2916580,6006310
93256,35.9746,-119.304,3039760,5657040
93257,36.0043,-118.876,3047180,5784120
93260,35.8156,-118.681,2976990,5840440
93262,36.6064,-118.751,3265640,5826560
93263,35.4917,-119.305,2863910,5651650
93265,36.1885,-118.674,3112800,5845490
93266,36.1229,-119.82,3098640,5506210
93267,36.143,-119.088,3099330,5722740
93268,35.1713,-119.424,2748320,5612630
93270,35.9433,-119.048,3026250,5732730
93271,36.4316,-118.74,3201840,5828150
93272,36.0474,-119.333,3066560,5649320
93274,36.1778,-119.368,3114350,5640490
93276,35.2233,-119.295,2766120,5651920
93277,36.2996,-119.381,3158850,5637810
93280,35.6411,-119.433,2919440,5615300
93283,35.5,-118.217,2859110,5975730
93285,35.6345,-118.59,2910370,5865710
93286,36.5208,-119.04,3236590,5740600
93287,35.7406,-118.842,2950820,5791840
93291,36.39,-119.37,3191700,5642300
93292,36.3741,-119.223,3184600,5685350
93301,35.3845,-119.021,2822500,5735370
93304,35.3396,-119.024,2806180,5734000
93305,35.3891,-118.985,2823910,5745930
93306,35.4538,-118.831,2846300,5792420
93307,35.2569,-118.912,2775190,5766570
93308,35.5548,-118.927,2883800,5764940
93309,35.3433,-119.065,2807870,5721860
93311,35.1898,-119.183,2752950,5684920
93312,35.3917,-119.12,2825950,5705940
93313,35.1367,-119.042,2732440,5726620
93314,35.3922,-119.23,2827030,5673010
93401,35.235,-120.62,2784430,5256260
93402,35.2865,-120.828,2805860,5195140
93405,35.2784,-120.743,2801800,5220150
93407,35.301,-120.661,2808960,5245200
93420,35.1416,-120.414,2747970,5316460
93422,35.4668,-120.686,2869650,5240090
93426,35.8653,-120.969,3018370,5162490
93427,34.646,-120.232,2565510,5363850
93428,35.5852,-121.018,2917080,5143300
93429,34.8178,-120.553,2631820,5270140
93430,35.4902,-120.914,2881100,5172770
93432,35.4733,-120.48,2869450,5301530
93433,35.1213,-120.62,2743060,5254650
93434,34.9412,-120.619,2677540,5252230
93435,35.5089,-121.039,2889590,5135710
93436,34.6049,-120.393,2552430,5314920
93437,34.6659,-120.563,2576670,5264900
93440,34.7376,-120.279,2599350,5351230
93441,34.7264,-120.087,2593130,5408550
93442,35.4034,-120.8,2848030,5205290
93444,35.028,-120.497,2707630,5289990
93445,35.104,-120.615,2736720,5255850
93446,35.6527,-120.735,2937930,5228480
93449,35.1582,-120.651,2756920,5245840
93450,36.0584,-120.795,3086350,5217160
93451,35.8665,-120.513,3012950,5297540
93452,35.7139,-121.162,2965900,5102760
93453,35.2391,-120.033,2779140,5431800
93454,34.9315,-120.238,2669440,5366230
93455,34.8244,-120.393,2632280,5318340
93458,34.9571,-120.494,2681770,5289890
93460,34.6787,-119.981,2574620,5439800
93461,35.616,-120.278,2918980,5363780
93463,34.6027,-120.129,2548570,5394500
93465,35.5345,-120.714,2894640,5232950
93501,35.0544,-118.142,2696460,5995060
93505,35.1827,-117.825,2741610,6090850
93510,34.4502,-118.198,2476840,5974340
93512,37.8,-118.634,3700300,5870660
93513,37.2979,-117.914,3512980,6076550
93514,37.4725,-118.375,3579100,5943440
93516,34.9983,-117.596,2673500,6158470
93517,38.264,-119.096,3873160,5741690
93518,35.3599,-118.449,2809520,5905660
93519,35.3581,-117.887,2805750,6073290
93523,34.9957,-117.874,2673710,6074970
93524,34.9044,-117.657,2639580,6139760
93526,36.9274,-117.9,3377710,6078550
93527,35.7071,-117.929,2933060,6062740
93528,35.3712,-117.66,2809540,6140990
93529,37.8132,-118.997,3707760,5765750
93531,35.229,-118.604,2762820,5858460
93532,34.6855,-118.566,2564750,5865400
93534,34.7187,-118.149,2574310,5990970
93535,34.7338,-117.894,2578520,6067520
93536,34.7564,-118.415,2589600,5911170
93541,38.0234,-118.964,3784290,5777180
93543,34.5075,-117.938,2496350,6053180
93544,34.482,-117.747,2486190,6110460
93545,36.3956,-117.997,3184150,6046830
93546,37.6175,-118.866,3635290,5802060
93550,34.4866,-118.075,2489410,6011650
93551,34.5956,-118.223,2529900,5967800
93552,34.5791,-118.022,2522810,6028300
93553,34.457,-117.89,2477730,6067130
93554,35.4098,-117.728,2823870,6120900
93555,35.696,-117.451,2926670,6205060
93560,34.9199,-118.497,2649670,5887770
93561,35.1532,-118.503,2734580,5888040
93562,35.6725,-117.357,2918170,6232480
93563,34.3074,-117.872,2423190,6071700
93591,34.6036,-117.813,2530720,6091240
93601,37.3798,-119.741,3556010,5544880
93602,37.0826,-119.431,3444700,5632020
93603,36.6414,-118.982,3280090,5758740
93604,37.316,-119.549,3530900,5600160
93608,36.5235,-120.312,3249860,5366660
93609,36.5287,-119.868,3246950,5497220
93610,37.0964,-120.273,3458260,5386080
93611,36.8275,-119.681,3354000,5555770
93612,36.8146,-119.711,3349600,5546750
93614,37.2078,-119.737,3493240,5543910
93615,36.5061,-119.285,3233260,5668560
93616,36.6541,-119.593,3289970,5579660
93618,36.5216,-119.388,3239790,5638180
93619,36.9144,-119.577,3384710,5587170
93620,37.0581,-120.631,3448470,5281020
93621,36.739,-119.048,3316220,5740580
93622,36.8506,-120.571,3372150,5295410
93623,37.4982,-119.651,3598350,5572670
93625,36.6234,-119.667,3279480,5557470
93626,37.0564,-119.66,3437250,5564710
93627,36.4817,-120.17,3233050,5407890
93628,36.7948,-118.919,3335540,5778700
93630,36.7139,-120.118,3317110,5426130
93631,36.4794,-119.517,3225570,5599940
93633,36.8452,-118.718,3352520,5838250
93635,36.9814,-120.972,3424870,5180060
93636,36.9827,-119.873,3412500,5501470
93637,36.91,-120.162,3389050,5416010
93638,37.039,-120.034,3434680,5455110
93640,36.6204,-120.56,3288120,5294970
93641,36.6973,-119.046,3300980,5740600
93643,37.2671,-119.447,3512130,5629210
93644,37.4192,-119.507,3568180,5613360
93645,37.1682,-119.65,3477950,5569020
93646,36.6314,-119.276,3278850,5672340
93647,36.578,-119.202,3258770,5693690
93648,36.6212,-119.519,3277300,5600810
93650,36.8407,-119.801,3360000,5520700
93651,37,-119.516,3415340,5606230
93652,36.5947,-119.903,3271370,5487620
93653,37.2665,-119.96,3516900,5479600
93654,36.6658,-119.397,3292450,5637200
93656,36.4501,-119.933,3218980,5477200
93657,36.8122,-119.414,3345950,5633850
93660,36.5909,-120.177,3272900,5407250
93662,36.5465,-119.641,3251200,5564320
93664,37.1122,-119.069,3452440,5737930
93667,36.9898,-119.391,3410520,5642420
93668,36.6752,-120.303,3305040,5371450
93669,37.282,-119.553,3518560,5598610
93675,36.7188,-119.197,3310050,5696450
93701,36.7494,-119.788,3326600,5523550
93702,36.7396,-119.754,3322670,5533240
93703,36.7689,-119.762,3333430,5531320
93704,36.7998,-119.801,3345080,5520250
93705,36.7868,-119.828,3340630,5512080
93706,36.6526,-119.903,3292470,5488490
93710,36.8232,-119.76,3353220,5532450
93711,36.8349,-119.831,3358200,5512010
93720,36.8594,-119.761,3366420,5532660
93721,36.7329,-119.784,3320520,5524510
93722,36.8021,-119.878,3346700,5497590
93723,36.7845,-119.955,3341080,5474940
93725,36.6259,-119.737,3281070,5536860
93726,36.7941,-119.761,3342630,5531860
93727,36.7518,-119.698,3326590,5549840
93728,36.7575,-119.817,3329860,5514940
93730,36.9032,-119.757,3382360,5534480
93737,36.7561,-119.643,3327640,5566000
93741,36.7672,-119.796,3333150,5521350
93901,36.6587,-121.65,3316960,4975790
93905,36.6806,-121.61,3324340,4987800
93906,36.7247,-121.628,3340660,4983590
93907,36.7748,-121.66,3359410,4975090
93908,36.6311,-121.603,3306200,4989140
93920,36.0851,-121.548,3106540,4995340
93923,36.4182,-121.826,3232080,4919540
93924,36.3983,-121.632,3221860,4976090
93925,36.5909,-121.407,3288680,5045850
93926,36.5341,-121.407,3267990,5044710
93927,36.2237,-121.37,3154420,5050270
93930,36.203,-121.067,3142610,5139180
93932,35.9887,-121.239,3067010,5084800
93933,36.6758,-121.786,3325290,4936190
93940,36.5809,-121.843,3291630,4917510
93943,36.5974,-121.873,3298130,4909030
93944,36.6023,-121.915,3300570,4896910
93950,36.6192,-121.926,3306910,4894100
93953,36.5854,-121.943,3294880,4888250
93955,36.6253,-121.82,3307430,4925200
93960,36.4028,-121.345,3219280,5060680
94002,37.5134,-122.299,3638770,4803440
94005,37.689,-122.413,3704720,4774150
94010,37.5673,-122.366,3659570,4785050
94014,37.6905,-122.447,3705870,4764310
94015,37.6814,-122.481,3703130,4754280
94019,37.4868,-122.415,3631060,4769150
94020,37.2929,-122.241,3557470,4815590
94021,37.2476,-122.259,3541240,4809530
94022,37.3626,-122.147,3581270,4844600
94024,37.3499,-122.093,3575770,4860000
94025,37.4635,-122.175,3618520,4838350
94027,37.453,-122.204,3615190,4829680
94028,37.3753,-122.217,3587090,4824310
94030,37.5998,-122.403,3672040,4775160
94035,37.4179,-122.051,3599890,4873380
94037,37.5412,-122.507,3652490,4743600
94038,37.5492,-122.498,3655240,4746450
94040,37.3803,-122.086,3586730,4862720
94041,37.3883,-122.076,3589500,4865690
94043,37.4181,-122.076,3600370,4866120
94044,37.6054,-122.481,3675420,4752500
94060,37.2104,-122.338,3529010,4785660
94061,37.4617,-122.236,3618890,4820510
94062,37.4149,-122.301,3602930,4800710
94063,37.5062,-122.212,3634700,4828630
94065,37.5357,-122.245,3646020,4819470
94066,37.6235,-122.434,3681210,4766540
94070,37.4962,-122.27,3632030,4811490
94074,37.309,-122.367,3565450,4779410
94080,37.6556,-122.422,3692700,4770730
94085,37.3882,-122.016,3588500,4883100
94086,37.3716,-122.024,3582560,4880560
94087,37.3513,-122.037,3575390,4876250
94089,37.4243,-122.017,3601660,4883640
94102,37.7795,-122.42,3737840,4774170
94103,37.7731,-122.411,3735360,4776440
94104,37.7915,-122.402,3741920,4779520
94105,37.7886,-122.394,3740720,4781780
94107,37.7648,-122.395,3732060,4781050
94108,37.7917,-122.409,3742090,4777650
94109,37.793,-122.421,3742790,4774000
94110,37.7497,-122.415,3726900,4774750
94111,37.7993,-122.4,3744710,4780250
94112,37.7204,-122.443,3716710,4766000
94114,37.7581,-122.436,3730300,4769050
94115,37.7859,-122.437,3740460,4769150
94116,37.7446,-122.487,3726260,4754050
94117,37.7704,-122.444,3734920,4767030
94118,37.7807,-122.462,3738990,4761920
94121,37.7798,-122.495,3739250,4752440
94122,37.7625,-122.486,3732760,4754660
94123,37.8008,-122.436,3745870,4769780
94124,37.7319,-122.385,3719890,4783090
94127,37.7353,-122.46,3722420,4761560
94128,37.6214,-122.383,3679560,4781330
94129,37.7975,-122.466,3745180,4761060
94130,37.8207,-122.37,3752010,4789530
94131,37.7459,-122.444,3725980,4766520
94132,37.7211,-122.507,3718060,4747700
94133,37.8036,-122.412,3746480,4776950
94134,37.719,-122.412,3715650,4775200
94158,37.7711,-122.391,3734280,4782360
94301,37.4439,-122.15,3610960,4845240
94303,37.4542,-122.122,3614240,4853600
94304,37.3988,-122.172,3594890,4837850
94305,37.4244,-122.167,3604130,4839930
94306,37.4157,-122.129,3600370,4850700
94401,37.5743,-122.32,3661340,4798710
94402,37.5411,-122.333,3649460,4794150
94403,37.5382,-122.305,3647920,4802340
94404,37.5556,-122.27,3653680,4812860
94501,37.7747,-122.275,3733630,4815870
94502,37.737,-122.241,3719320,4824930
94503,38.1939,-122.229,3885780,4838060
94505,37.8663,-121.589,3756210,5016160
94506,37.8091,-121.903,3740140,4924250
94507,37.853,-122.006,3757780,4895410
94508,38.5799,-122.448,4030320,4783380
94509,37.9934,-121.814,3806010,4953520
94510,38.0987,-122.132,3849430,4864100
94512,38.1275,-121.839,3855290,4949170
94513,37.9116,-121.715,3774620,4980740
94514,37.8119,-121.656,3737350,4995870
94515,38.6109,-122.603,4044340,4739730
94517,37.8886,-121.886,3768870,4930820
94518,37.9508,-122.022,3793740,4892600
94519,37.9888,-122.007,3807350,4897930
94520,38.015,-122.039,3817420,4889210
94521,37.9704,-121.958,3799840,4911720
94523,37.9543,-122.076,3795870,4877090
94525,38.0488,-122.226,3832770,4835960
94526,37.8143,-121.989,3743400,4899570
94528,37.8407,-121.96,3752570,4908450
94530,37.9229,-122.292,3787980,4814050
94531,37.956,-121.784,3791860,4961680
94533,38.2799,-122.014,3913680,4901660
94534,38.2413,-122.122,3901330,4869870
94535,38.2729,-121.938,3909900,4923370
94536,37.571,-121.988,3654660,4894910
94538,37.4991,-121.978,3628310,4896380
94539,37.5266,-121.913,3637280,4915860
94541,37.6746,-122.085,3694010,4869000
94542,37.6557,-122.028,3686180,4884990
94544,37.6332,-122.057,3678460,4876240
94545,37.6322,-122.118,3679070,4858330
94546,37.7533,-122.097,3722870,4867060
94547,38.0056,-122.26,3817610,4825110
94548,37.975,-121.649,3796780,5000970
94549,37.9011,-122.117,3777110,4864200
94550,37.5121,-121.625,3627510,4999210
94551,37.7489,-121.765,3716020,4963190
94552,37.7065,-122.009,3704400,4891560
94553,37.9817,-122.165,3807330,4851930
94555,37.5476,-122.081,3647640,4867350
94556,37.8329,-122.111,3752140,4864560
94558,38.4987,-122.266,3997560,4833800
94559,38.2393,-122.331,3904020,4809720
94560,37.5185,-122.037,3636310,4879500
94561,38.0314,-121.657,3817450,4999770
94563,37.8717,-122.187,3767530,4843460
94564,37.9943,-122.285,3813880,4817590
94565,38.0164,-121.911,3815890,4925940
94566,37.6511,-121.855,3681780,4935010
94567,38.6716,-122.443,4063750,4786690
94568,37.7136,-121.917,3705520,4918420
94569,38.0455,-122.188,3830960,4846870
94571,38.1763,-121.755,3871820,4974130
94572,38.0257,-122.245,3824670,4829990
94574,38.5365,-122.396,4013630,4797240
94576,38.5501,-122.477,4019940,4774480
94577,37.7166,-122.165,3710610,4846680
94578,37.7065,-122.125,3706270,4857850
94579,37.6865,-122.158,3699540,4848050
94580,37.6759,-122.135,3695300,4854270
94582,37.7633,-121.915,3723630,4919980
94583,37.766,-121.99,3725820,4898180
94585,38.1648,-121.951,3870650,4917620
94586,37.5696,-121.87,3652270,4929170
94587,37.5996,-122.045,3666020,4878790
94588,37.7188,-121.881,3706870,4928960
94589,38.1409,-122.248,3866770,4831410
94590,38.1037,-122.249,3853200,4830410
94591,38.1171,-122.199,3857240,4844980
94592,38.1254,-122.312,3862150,4812770
94595,37.8714,-122.069,3765490,4877550
94596,37.8883,-122.036,3771160,4887260
94597,37.9181,-122.071,3782600,4877760
94598,37.903,-121.999,3775920,4898480
94599,38.4093,-122.367,3966700,4802760
94601,37.7769,-122.218,3733500,4832480
94602,37.8041,-122.207,3743210,4836200
94603,37.739,-122.176,3718970,4843750
94605,37.7602,-122.149,3726270,4852170
94606,37.7925,-122.245,3739620,4825070
94607,37.8083,-122.298,3746280,4809910
94608,37.8357,-122.285,3756060,4814390
94609,37.8347,-122.264,3755330,4820350
94610,37.812,-122.241,3746680,4826650
94611,37.8314,-122.216,3753330,4834090
94612,37.8086,-122.267,3745880,4818900
94613,37.7807,-122.183,3734310,4842680
94618,37.8445,-122.238,3758470,4828080
94619,37.7918,-122.174,3738190,4845510
94621,37.7364,-122.207,3718550,4834740
94702,37.866,-122.286,3767130,4814640
94703,37.8641,-122.276,3766260,4817640
94704,37.8665,-122.253,3766750,4824110
94705,37.8593,-122.241,3763930,4827560
94706,37.8899,-122.295,3776000,4812520
94707,37.8982,-122.279,3778760,4817300
94708,37.9003,-122.26,3779180,4823000
94709,37.8791,-122.267,3771580,4820520
94710,37.8707,-122.303,3769120,4809720
94720,37.8752,-122.243,3769760,4827250
94801,37.9521,-122.379,3800080,4789520
94803,37.9619,-122.282,3802020,4817870
94804,37.9209,-122.342,3788080,4799740
94805,37.9418,-122.322,3795340,4805990
94806,37.9782,-122.336,3808880,4802470
94901,37.9772,-122.505,3811410,4753690
94903,38.0233,-122.547,3828920,4742750
94904,37.9478,-122.545,3801370,4741550
94920,37.8874,-122.465,3777970,4763300
94922,38.3351,-122.948,3949870,4634340
94923,38.3369,-123.027,3952030,4611580
94924,37.9287,-122.703,3797200,4695660
94925,37.9228,-122.513,3791690,4750410
94928,38.3463,-122.695,3949370,4707210
94929,38.251,-122.957,3919380,4629860
94930,37.9636,-122.628,3808590,4717930
94931,38.3259,-122.718,3942340,4700090
94933,38.0118,-122.688,3827230,4701680
94937,38.0906,-122.923,3860250,4635690
94938,38.0121,-122.704,3827650,4697050
94939,37.9381,-122.533,3797640,4744860
94940,38.1951,-122.89,3897740,4647830
94941,37.8931,-122.565,3781770,4734530
94945,38.1289,-122.556,3867600,4742450
94946,38.0519,-122.705,3842150,4697780
94947,38.1128,-122.633,3863090,4719780
94949,38.0653,-122.54,3844120,4745680
94951,38.3236,-122.639,3940130,4722820
94952,38.2197,-122.776,3904620,4681190
94954,38.2263,-122.559,3903170,4743850
94956,38.0045,-122.793,3826460,4671240
94957,37.9635,-122.563,3807410,4736620
94960,37.9973,-122.578,3819990,4733160
94963,37.9998,-122.675,3822610,4705250
94964,37.9425,-122.492,3798530,4756860
94965,37.8461,-122.517,3763790,4747570
94970,37.9216,-122.658,3793810,4708380
94971,38.2406,-122.913,3914780,4642100
94972,38.3146,-122.927,3942040,4639770
94973,38.0033,-122.644,3823350,4714390
95002,37.4472,-121.992,3609590,4891160
95003,37.0099,-121.88,3448470,4915320
95004,36.8764,-121.636,3396050,4984090
95005,37.0982,-122.094,3484070,4854620
95006,37.1714,-122.15,3511660,4839590
95008,37.28,-121.955,3548060,4898750
95010,36.9772,-121.955,3437730,4892650
95012,36.7769,-121.751,3361580,4948530
95013,37.2068,-121.753,3518250,4955990
95014,37.3041,-122.095,3559130,4858320
95017,37.061,-122.212,3472490,4819180
95018,37.0796,-122.057,3476700,4865030
95019,36.9364,-121.777,3420070,4943840
95020,37.0079,-121.579,3443100,5002990
95023,36.8577,-121.25,3383560,5096640
95030,37.2232,-121.988,3527910,4887890
95032,37.2158,-121.928,3524250,4905300
95033,37.1492,-121.96,3500490,4894610
95035,37.4382,-121.818,3603590,4941700
95037,37.1582,-121.595,3498120,5001190
95039,36.8296,-121.776,3381160,4942240
95043,36.4839,-120.952,3243380,5177820
95045,36.8508,-121.52,3384970,5017580
95046,37.0873,-121.601,3472360,4998130
95050,37.3505,-121.952,3573720,4900890
95051,37.3487,-121.984,3573570,4891510
95053,37.3494,-121.938,3573100,4905080
95054,37.3933,-121.965,3589510,4898130
95060,37.0594,-122.158,3470980,4835150
95062,36.973,-121.99,3436760,4882420
95064,36.9996,-122.062,3447650,4861880
95065,37.0326,-121.984,3458380,4885380
95066,37.0742,-122.011,3473990,4878190
95070,37.2556,-122.049,3540700,4870940
95073,37.0313,-121.947,3457340,4895920
95076,36.9406,-121.75,3421180,4951800
95110,37.3464,-121.909,3571540,4913240
95111,37.2847,-121.828,3547770,4935760
95112,37.344,-121.883,3570240,4921010
95113,37.3333,-121.892,3566500,4918070
95116,37.3506,-121.852,3572200,4929920
95117,37.3101,-121.963,3559170,4897040
95118,37.2553,-121.891,3538050,4916930
95119,37.2316,-121.789,3527840,4946100
95120,37.1989,-121.836,3516650,4931690
95121,37.3044,-121.809,3554670,4941650
95122,37.3291,-121.835,3564060,4934710
95123,37.2438,-121.83,3532910,4934360
95124,37.2569,-121.923,3539150,4907530
95125,37.2954,-121.893,3552690,4916910
95126,37.3271,-121.917,3564640,4910700
95127,37.3753,-121.794,3580290,4947260
95128,37.3158,-121.936,3560810,4904930
95129,37.3059,-122.002,3558260,4885630
95130,37.2873,-121.982,3551180,4890960
95131,37.3869,-121.898,3586140,4917470
95132,37.4151,-121.823,3595220,4939750
95133,37.3717,-121.86,3580000,4928070
95134,37.4294,-121.946,3602360,4904370
95135,37.283,-121.71,3545340,4970060
95136,37.2702,-121.851,3542870,4928620
95138,37.2449,-121.736,3531870,4961830
95139,37.224,-121.766,3524700,4952620
95140,37.3883,-121.668,3583080,4984430
95141,37.1755,-121.748,3506750,4956840
95148,37.335,-121.776,3565320,4951800
95192,37.3352,-121.881,3567010,4921240
95202,37.9598,-121.288,3786010,5105030
95203,37.9521,-121.331,3783800,5092420
95204,37.9733,-121.321,3791370,5095720
95205,37.9654,-121.261,3787670,5112930
95206,37.9138,-121.426,3771170,5064150
95207,38.0023,-121.325,3802040,5094990
95209,38.0469,-121.35,3818650,5088530
95210,38.0305,-121.299,3811950,5102890
95211,37.9801,-121.314,3793770,5097870
95212,38.0475,-121.228,3817190,5123670
95215,37.9439,-121.149,3778270,5144900
95219,38.0209,-121.477,3811000,5051490
95220,38.2006,-121.191,3872560,5137170
95222,38.0552,-120.579,3811600,5311390
95223,38.3919,-120.174,3929960,5432710
95228,37.9428,-120.68,3771820,5280330
95230,37.9639,-120.842,3781530,5233980
95231,37.8773,-121.296,3755980,5101290
95232,38.3577,-120.586,3922180,5313710
95236,38.0548,-121.031,3817150,5180740
95237,38.1646,-121.133,3858610,5153110
95240,38.1176,-121.168,3841950,5142410
95242,38.1403,-121.423,3853770,5069250
95245,38.3183,-120.525,3907070,5330760
95246,38.2281,-120.505,3873890,5335200
95247,38.1165,-120.449,3832460,5349790
95249,38.1853,-120.626,3859700,5299730
95251,38.1031,-120.469,3827810,5343710
95252,38.1599,-120.828,3852920,5241190
95255,38.4323,-120.357,3946780,5380860
95257,38.3825,-120.437,3929490,5357050
95258,38.1651,-121.312,3861280,5101610
95301,37.3106,-120.645,3540730,5280870
95303,37.4752,-120.666,3601020,5277230
95304,37.7185,-121.381,3699250,5073780
95306,37.4197,-120.155,3574850,5424880
95307,37.5538,-120.954,3633340,5194680
95310,38.0526,-120.4,3808550,5362980
95311,37.7,-120.101,3676530,5444340
95313,37.4313,-121.031,3589710,5170300
95315,37.4255,-120.767,3584160,5246970
95316,37.5534,-120.711,3630130,5265310
95317,37.1461,-120.504,3479030,5319380
95318,37.6761,-119.854,3665240,5515890
95320,37.8181,-121.015,3730570,5181500
95321,37.8545,-119.92,3731090,5498830
95322,37.1976,-120.968,3503640,5184900
95323,37.607,-120.664,3649090,5279920
95324,37.3952,-120.891,3574700,5210510
95326,37.5927,-120.851,3646200,5225400
95327,37.8685,-120.484,3742340,5335900
95328,37.5593,-120.91,3634770,5207710
95329,37.7001,-120.4,3679900,5357810
95330,37.8143,-121.305,3733130,5097430
95333,37.2501,-120.232,3513810,5400280
95334,37.3586,-120.747,3559490,5251690
95335,38.2161,-119.936,3863290,5499110
95336,37.834,-121.192,3738760,5130610
95337,37.741,-121.238,3705460,5115440
95338,37.5188,-119.937,3608700,5489610
95340,37.3651,-120.369,3557340,5361900
95341,37.2386,-120.501,3512750,5321540
95345,37.5834,-119.97,3632600,5480980
95346,38.0468,-120.107,3803200,5447390
95348,37.3663,-120.513,3559450,5319900
95350,37.6716,-121.007,3677020,5181280
95351,37.6243,-121,3659670,5182700
95354,37.6374,-120.965,3664010,5192860
95355,37.6715,-120.948,3676220,5198520
95356,37.7193,-121.028,3694710,5176130
95357,37.6668,-120.887,3673720,5215920
95358,37.6148,-121.1,3657550,5153530
95360,37.2703,-121.238,3533840,5107230
95361,37.7853,-120.783,3715600,5248150
95363,37.4533,-121.255,3600750,5105550
95364,38.3498,-119.911,3911840,5508040
95365,37.2888,-120.318,3528920,5375660
95366,37.764,-121.126,3712330,5148480
95367,37.7308,-120.946,3697800,5200080
95368,37.7145,-121.089,3693770,5158280
95369,37.5243,-120.413,3615930,5351510
95370,37.9893,-120.35,3784870,5376330
95372,37.9928,-120.261,3785160,5402290
95374,37.3235,-120.869,3548250,5215630
95376,37.7378,-121.431,3707050,5059500
95377,37.6275,-121.483,3667540,5042490
95379,37.9318,-120.231,3762570,5409950
95380,37.4732,-120.873,3602920,5216820
95382,37.5293,-120.851,3623080,5224220
95383,38.0415,-120.208,3802330,5418220
95385,37.6241,-121.255,3663080,5108720
95386,37.679,-120.631,3674950,5290340
95388,37.4286,-120.554,3582670,5308970
95389,37.7502,-119.553,3689410,5603800
95391,37.7695,-121.563,3720520,5021930
95401,38.4514,-122.793,3989480,4681450
95403,38.5032,-122.753,4007690,4694060
95404,38.4664,-122.653,3992470,4722010
95405,38.4394,-122.668,3982880,4717030
95407,38.3951,-122.744,3968070,4694250
95409,38.4575,-122.599,3988270,4737450
95410,39.2061,-123.678,4281980,4447380
95412,38.6978,-123.351,4089890,4527680
95415,39.0138,-123.388,4205980,4524930
95417,39.6772,-123.615,4452880,4477260
95420,39.3616,-123.782,4340930,4421720
95421,38.635,-123.212,4064260,4565890
95422,38.9768,-122.557,4177180,4760930
95423,39.1212,-122.643,4231420,4739590
95425,38.7969,-123.011,4119580,4627150
95426,38.8378,-122.763,4130010,4698930
95427,39.2772,-123.582,4306000,4476390
95428,39.7674,-123.142,4476670,4613130
95429,39.6962,-123.338,4454380,4555990
95432,39.1316,-123.686,4254930,4443170
95436,38.4925,-122.912,4006650,4648220
95437,39.4648,-123.697,4376880,4448770
95439,38.4929,-122.775,4004310,4687760
95441,38.7403,-122.957,4097960,4641320
95442,38.3733,-122.517,3956110,4759060
95443,39.0303,-122.738,4199900,4710500
95444,38.4298,-122.865,3982910,4660380
95445,38.8368,-123.433,4142260,4507500
95446,38.5259,-123.006,4020570,4622120
95448,38.623,-122.853,4053220,4668360
95449,38.9286,-123.107,4169500,4602870
95450,38.5036,-123.189,4015890,4569230
95451,38.9471,-122.798,4170540,4691530
95452,38.4264,-122.531,3975730,4756110
95453,39.0563,-122.965,4213470,4646430
95454,39.7661,-123.492,4482900,4514290
95456,39.2619,-123.747,4303770,4429080
95457,38.8755,-122.526,4139620,4767540
95458,39.0645,-122.788,4213270,4697120
95459,39.0027,-123.611,4206320,4461180
95460,39.31,-123.719,4320780,4438260
95461,38.7651,-122.607,4100700,4741990
95462,38.4646,-123.025,3998570,4615400
95464,39.1036,-122.839,4228460,4683390
95465,38.4012,-123.015,3975230,4616620
95466,39.0914,-123.536,4237230,4484730
95467,38.8009,-122.547,4112750,4759760
95468,38.9185,-123.531,4174020,4481740
95469,39.4015,-123.069,4341520,4625170
95470,39.2882,-123.313,4304760,4552930
95472,38.3975,-122.869,3971180,4658460
95476,38.2503,-122.454,3910140,4774530
95482,39.1471,-123.241,4251840,4569890
95485,39.2159,-122.924,4271040,4661930
95488,39.6743,-123.742,4454370,4441370
95490,39.4727,-123.376,4373390,4539790
95492,38.5431,-122.811,4023290,4678380
95493,39.1901,-122.971,4262470,4647960
95494,38.9293,-123.302,4173440,4547390
95497,38.7353,-123.474,4106000,4493360
95501,40.7955,-124.153,4873260,4356570
95503,40.7121,-124.098,4841540,4369510
95511,40.1632,-123.628,4630930,4486330
95514,40.2995,-123.656,4681360,4481960
95519,40.9518,-124.039,4928170,4392560
95521,40.8492,-124.035,4890460,4390900
95524,40.8183,-124.033,4879110,4390390
95525,40.9499,-123.847,4923530,4445750
95526,40.4352,-123.6,4729950,4501080
95527,40.7884,-123.408,4855640,4563790
95528,40.4875,-123.91,4755380,4415770
95531,41.7756,-123.995,5229650,4427340
95536,40.465,-124.25,4754260,4320180
95540,40.5884,-124.128,4796880,4357670
95542,40.1162,-123.859,4618420,4420260
95543,41.916,-123.821,5277720,4478960
95546,41.2465,-123.73,5029930,4486130
95547,40.5512,-124.083,4782300,4369160
95548,41.6111,-124.036,5170020,4411430
95549,40.6215,-123.902,4804290,4421640
95550,40.7441,-123.794,4847020,4455110
95551,40.6603,-124.245,4825660,4327160
95552,40.3357,-123.378,4689180,4560770
95554,40.2759,-123.869,4677040,4421570
95555,41.3624,-124.015,5078280,4410310
95556,41.283,-123.542,5039680,4539180
95558,40.2884,-124.222,4689020,4323020
95560,40.1384,-123.868,4626690,4418320
95562,40.4783,-124.142,4756850,4350650
95563,40.831,-123.605,4875100,4509940
95564,40.7922,-124.204,4873140,4342140
95565,40.4454,-124.03,4742430,4381030
95567,41.9522,-124.136,5297450,4393390
95568,41.5958,-123.363,5151090,4596790
95569,40.3486,-123.88,4703880,4420430
95570,41.1327,-124.054,4994820,4393200
95573,40.9607,-123.651,4923570,4500560
95585,39.8291,-123.69,4509910,4460140
95587,39.942,-123.723,4551900,4453760
95589,40.039,-123.995,4592920,4379980
95595,40.1711,-123.401,4629330,4550260
95602,38.9906,-121.114,4160150,5172690
95603,38.9167,-121.078,4132640,5181680
95605,38.5929,-121.54,4020750,5043900
95606,38.8071,-122.236,4109760,4848980
95607,38.7015,-122.113,4069190,4881960
95608,38.6258,-121.328,4029720,5105180
95610,38.6949,-121.272,4054190,5122600
95612,38.3994,-121.573,3950560,5030700
95614,38.8875,-120.986,4120780,5207480
95615,38.3106,-121.552,3917810,5035240
95616,38.5583,-121.804,4012040,4967640
95618,38.5454,-121.669,4005290,5006080
95619,38.6818,-120.813,4043350,5253700
95620,38.4128,-121.758,3958210,4977760
95621,38.6948,-121.308,4054670,5112220
95623,38.6025,-120.854,4014890,5240640
95624,38.4378,-121.3,3960660,5109950
95626,38.7321,-121.458,4070400,5069770
95627,38.7247,-122.009,4076010,4912010
95628,38.6522,-121.255,4038350,5126750
95629,38.5178,-120.677,3981770,5290250
95630,38.6669,-121.142,4042200,5159210
95631,39.0785,-120.603,4185850,5319830
95632,38.2713,-121.247,3899130,5122360
95633,38.8468,-120.831,4103880,5251300
95634,38.9209,-120.712,4129530,5286400
95635,38.9121,-120.913,4128810,5228970
95636,38.6638,-120.492,4032890,5345360
95637,38.8448,-122.205,4123030,4858440
95638,38.3405,-121.115,3922610,5161430
95640,38.3349,-120.942,3918260,5211170
95641,38.1534,-121.601,3861160,5018150
95642,38.3404,-120.761,3917990,5263200
95645,38.8798,-121.763,4128870,4985560
95648,38.9209,-121.313,4137360,5114760
95650,38.8122,-121.169,4095640,5154040
95651,38.8344,-120.925,4100560,5224140
95652,38.6625,-121.402,4044180,5084640
95653,38.6862,-121.979,4061460,4920010
95655,38.5528,-121.288,4002510,5115500
95658,38.879,-121.152,4119850,5159890
95659,38.8547,-121.57,4116810,5040180
95660,38.6777,-121.38,4049430,5091200
95661,38.7412,-121.249,4070790,5129810
95662,38.6891,-121.22,4051360,5137370
95663,38.8561,-121.184,4111880,5150600
95664,38.7991,-121.05,4089300,5187670
95665,38.3999,-120.652,3938370,5295400
95666,38.5542,-120.272,3990360,5406950
95667,38.7332,-120.788,4061850,5261690
95668,38.8196,-121.49,4102850,5062370
95669,38.4894,-120.889,3974020,5228810
95670,38.6053,-121.28,4021590,5118520
95672,38.7245,-120.996,4061300,5202100
95673,38.6896,-121.456,4054850,5069750
95674,38.9565,-121.48,4152740,5067640
95677,38.7916,-121.231,4088980,5135790
95678,38.7652,-121.288,4080100,5119020
95679,38.896,-122.351,4144160,4817900
95681,39.0044,-121.354,4168440,5104580
95682,38.6072,-120.965,4018010,5209080
95683,38.5091,-121.105,3984040,5167090
95684,38.5931,-120.52,4007420,5336210
95685,38.4238,-120.776,3948650,5260350
95687,38.3326,-121.914,3931350,4931350
95688,38.4176,-122.026,3964120,4901130
95689,38.4764,-120.617,3965900,5306740
95690,38.2362,-121.574,3891000,5027350
95691,38.6172,-121.582,4030200,5032200
95692,39.0476,-121.403,4184960,5091390
95693,38.3904,-121.229,3942390,5129430
95694,38.5608,-122.003,4016040,4910460
95695,38.6921,-121.856,4061680,4955350
95698,38.8195,-121.923,4109290,4938480
95701,39.2413,-120.745,4247100,5281990
95703,38.9988,-120.989,4161480,5208570
95709,38.7503,-120.68,4066750,5292870
95713,39.0905,-120.925,4194180,5228440
95714,39.1949,-120.831,4231210,5256840
95715,39.2527,-120.631,4249900,5314530
95717,39.1631,-120.85,4219810,5250960
95720,38.7878,-120.225,4075230,5423530
95721,38.8169,-120.085,4084340,5464170
95722,39.0034,-121.028,4163680,5197420
95724,39.2528,-120.431,4247590,5371450
95726,38.7894,-120.514,4079080,5340880
95728,39.402,-120.498,4302960,5354800
95735,38.7845,-120.106,4072730,5457760
95742,38.5832,-121.205,4012450,5139780
95746,38.7483,-121.172,4072350,5152170
95747,38.7773,-121.375,4085750,5094610
95757,38.3456,-121.444,3929030,5066860
95758,38.4287,-121.444,3959370,5068390
95762,38.6803,-121.057,4045950,5183860
95765,38.8193,-121.275,4099710,5123720
95776,38.6797,-121.697,4054750,5000650
95811,38.5881,-121.49,4018260,5058240
95814,38.5813,-121.496,4015870,5056370
95815,38.6057,-121.444,4024020,5071720
95816,38.5756,-121.465,4013320,5064920
95817,38.5509,-121.456,4004190,5067110
95818,38.5564,-121.497,4006760,5055560
95819,38.5687,-121.437,4010420,5072850
95820,38.5349,-121.444,3998190,5070240
95821,38.6254,-121.385,4030390,5088950
95822,38.5127,-121.496,3990790,5055130
95823,38.4757,-121.443,3976540,5069430
95824,38.5177,-121.441,3991840,5070820
95825,38.5901,-121.407,4017810,5082020
95826,38.5458,-121.379,4001230,5089120
95827,38.5533,-121.327,4003250,5104100
95828,38.4894,-121.396,3980870,5083260
95829,38.4882,-121.335,3979560,5100750
95830,38.4956,-121.275,3981430,5118240
95831,38.4957,-121.529,3985080,5045160
95832,38.448,-121.495,3967150,5054050
95833,38.6149,-121.514,4028390,5051670
95834,38.6433,-121.523,4038910,5049720
95835,38.6711,-121.526,4049100,5049390
95836,38.7272,-121.549,4069910,5043870
95837,38.6973,-121.592,4059630,5031020
95838,38.6467,-121.444,4039000,5072330
95841,38.6596,-121.348,4042350,5100150
95842,38.6869,-121.349,4052360,5100280
95843,38.7154,-121.362,4062940,5097170
95864,38.5857,-121.377,4015770,5090450
95901,39.2102,-121.473,4245370,5074370
95903,39.1276,-121.394,4214050,5095390
95910,39.4899,-120.841,4339270,5258850
95912,39.0055,-122.026,4178860,4912930
95914,39.412,-121.371,4317750,5107150
95915,39.9634,-121.32,4518940,5131230
95916,39.6958,-121.359,4421460,5115630
95917,39.4185,-121.768,4325910,4994560
95918,39.2843,-121.329,4270450,5116640
95919,39.4243,-121.276,4320950,5134250
95920,39.4605,-121.939,4343880,4946760
95922,39.485,-120.975,4339190,5220580
95923,40.17,-121.153,4592420,5181830
95925,39.461,-121.188,4333180,5159860
95926,39.7453,-121.844,4446660,4979260
95928,39.7077,-121.815,4432450,4986840
95932,39.2616,-122.028,4272490,4917670
95934,40.0686,-120.922,4552230,5245270
95935,39.3701,-121.199,4300070,5155070
95936,39.6059,-120.847,4381800,5259000
95937,38.8628,-122.081,4127590,4894330
95938,39.5956,-121.837,4391760,4978270
95939,39.5149,-122.623,4374970,4754190
95941,39.5889,-121.2,4380180,5158520
95942,40.0809,-121.52,4564750,5077150
95943,39.5912,-122.025,4393020,4924930
95944,39.5393,-120.796,4356810,5272300
95945,39.2142,-120.926,4239460,5230110
95946,39.1881,-121.211,4233670,5148400
95947,40.1783,-120.887,4592030,5256840
95948,39.3435,-121.754,4298250,4996910
95949,39.1004,-121.122,4200400,5172330
95951,39.7295,-121.993,4443150,4936960
95953,39.2528,-121.75,4265030,4996320
95954,39.9375,-121.556,4512770,5064190
95955,39.3147,-122.151,4293910,4883790
95956,39.8934,-121.023,4489350,5213870
95957,39.0394,-121.798,4187720,4978520
95959,39.3403,-120.901,4285270,5239340
95960,39.3879,-121.074,4304930,5190790
95961,39.0368,-121.564,4183290,5045270
95962,39.3376,-121.253,4288920,5139080
95963,39.7178,-122.338,4444430,4839280
95965,39.6394,-121.583,4403930,5050940
95966,39.4785,-121.424,4342830,5093080
95968,39.4339,-121.554,4328380,5055440
95969,39.7243,-121.634,4435810,5038340
95970,39.4106,-122.073,4327720,4907730
95971,39.9127,-121.023,4496430,5214200
95972,39.4067,-121.33,4315270,5118440
95973,39.8613,-121.878,4489640,4972020
95975,39.2248,-121.152,4246280,5165900
95977,39.19,-121.28,4235300,5128950
95979,39.2994,-122.493,4294010,4786070
95981,39.7291,-121.028,4429220,5209650
95982,39.2016,-121.823,4247400,4974570
95983,40.0348,-120.719,4537360,5301850
95984,40.0396,-121.143,4544490,5182410
95987,39.0978,-122.28,4216720,4842370
95988,39.5142,-122.305,4369350,4844250
95991,39.0238,-121.613,4179220,5031110
95993,39.0793,-121.685,4200600,5011620
96001,40.5979,-122.47,4768960,4821080
96002,40.5297,-122.318,4741470,4862040
96003,40.6698,-122.312,4792760,4866910
96006,41.1944,-120.949,4965760,5256340
96007,40.4539,-122.299,4713390,4865980
96008,40.74,-122.087,4814920,4931150
96010,40.8058,-123.187,4857840,4625720
96013,40.9404,-121.672,4882160,5050820
96014,41.3216,-122.757,5039440,4757420
96015,41.5566,-121.012,5099710,5244930
96016,40.8931,-121.508,4862480,5095680
96017,41.0891,-122.312,4946610,4875830
96019,40.6832,-122.38,4798760,4848210
96020,40.2723,-121.294,4631750,5144160
96021,39.9006,-122.45,4513290,4811380
96022,40.3336,-122.51,4672820,4804030
96023,41.9191,-122.066,5247880,4961050
96024,40.5993,-122.869,4776360,4709720
96025,41.223,-122.332,4996130,4873220
96027,41.3976,-122.95,5070730,4705880
96028,41.0566,-121.518,4922680,5095710
96031,41.1941,-123.167,4999950,4640940
96032,41.6251,-122.902,5153520,4724360
96033,40.7143,-122.593,4813740,4789310
96034,41.4531,-122.665,5086160,4785950
96035,40.0325,-122.192,4557250,4887060
96038,41.5888,-122.537,5133890,4824310
96039,41.8387,-123.412,5241350,4589210
96040,40.7942,-121.42,4824970,5118370
96041,40.5155,-123.135,4750440,4633410
96044,41.9519,-122.53,5267330,4834420
96046,40.6406,-123.495,4803140,4535930
96047,40.4629,-122.712,4723620,4750280
96048,40.8115,-123.045,4857310,4665540
96050,41.8755,-122.908,5245690,4728800
96051,40.9882,-122.361,4910340,4859900
96052,40.8558,-122.838,4869840,4724220
96054,41.3093,-120.985,5008420,5248210
96055,40.0645,-122.079,4567150,4919540
96056,40.9806,-121.124,4889150,5204120
96057,41.25,-121.997,5000760,4966460
96058,41.7981,-121.85,5200050,5018070
96059,40.4147,-121.928,4693160,4969050
96061,40.3543,-121.519,4664970,5082450
96062,40.5724,-122.095,4753560,4925390
96063,40.3303,-121.399,4654490,5115800
96064,41.7437,-122.329,5187430,4885130
96065,40.9666,-122.007,4896820,4958100
96067,41.3447,-122.32,5040630,4878910
96069,40.7176,-121.955,4804670,4967530
96071,40.5834,-121.469,4748280,5100780
96073,40.5712,-122.23,4755270,4887590
96075,40.3639,-121.8,4672600,5003810
96076,40.4019,-122.964,4705700,4678500
96080,40.1709,-122.395,4611330,4832930
96085,41.7726,-122.98,5209130,4706390
96086,41.8461,-123.258,5241170,4631790
96087,40.6074,-122.5,4772970,4812870
96088,40.5154,-121.827,4728570,4999230
96091,41.1073,-122.688,4959530,4771840
96093,40.7431,-122.954,4830590,4689380
96094,41.4482,-122.454,5080860,4844240
96096,40.6431,-121.847,4775680,4996050
96097,41.758,-122.662,5198170,4793810
96101,41.4958,-120.484,5071040,5389780
96103,39.8006,-120.69,4451190,5306310
96104,41.3965,-120.119,5030550,5489540
96105,39.8083,-120.214,4448590,5441070
96106,39.7354,-120.531,4425450,5350250
96107,38.323,-119.404,3897240,5653450
96108,41.8165,-120.772,5192520,5315320
96109,39.9526,-120.093,4500150,5477050
96111,39.4056,-120.044,4299290,5483810
96112,41.9019,-120.105,5216490,5500210
96113,40.2449,-120.169,4608160,5459720
96114,40.1732,-120.577,4586360,5344120
96115,41.6952,-120.131,5140630,5490380
96116,41.263,-120.513,4985810,5378510
96117,40.4355,-120.358,4680110,5409390
96118,39.6769,-120.168,4399960,5452130
96119,41.0973,-120.517,4924910,5374720
96120,38.6929,-119.839,4036490,5533010
96121,40.1709,-120.382,4583340,5398840
96122,39.9074,-120.376,4486690,5396590
96123,40.9606,-120.175,4870900,5467870
96124,39.595,-120.508,4373720,5354850
96125,39.562,-120.673,4363600,5307410
96126,39.5668,-120.216,4360170,5437090
96128,40.3515,-120.389,4649620,5399400
96129,39.7802,-120.399,4440320,5388340
96130,40.5369,-120.634,4720420,5333590
96132,40.8918,-120.557,4849860,5360620
96133,38.6128,-119.548,4004450,5615290
96134,41.7814,-121.495,5188770,5115670
96136,40.3729,-120.275,4656230,5431750
96137,40.2835,-121.084,4633080,5203390
96140,39.2371,-120.103,4238240,5464680
96141,39.0633,-120.22,4175910,5429040
96142,39.0581,-120.162,4173370,5445450
96143,39.2769,-120.036,4252130,5484180
96145,39.1459,-120.144,4205300,5451770
96146,39.1942,-120.221,4223820,5430380
96148,39.2472,-120.057,4241480,5477760
96150,38.9137,-120.037,4119250,5479040
96161,39.3312,-120.194,4273680,5440010
96162,39.3141,-120.342,4269010,5397860
