Zip_Code,Lat_ft,Long_ft
12,4614040,5242780
16,2860240,5915410
17,3516320,5801410
18,2508530,5749400
19,4733070,5469010
20,3631240,5683160
22,4341970,4490080
26,3119060,5947750
28,4555230,5391160
29,4350370,5197370
31,4668190,5191830
32,2602660,5516790
33,4327020,5443630
34,5275750,4646260
35,5061720,5025250
37,4573090,4695800
38,4585100,5019460
39,4660770,4601740
40,3788480,5604910
44,3956470,5554980
47,4449380,4706140
48,4338980,4689160
49,5144830,4483520
50,4966310,4545540
51,4130260,5398730
52,4037240,5393930
54,5012450,4440820
55,4932550,4601780
57,2325770,5442160
58,3690140,5636550
61,2052880,5572880
65,4399940,5263710
90001,2303890,5955360
90002,2294720,5956010
90003,2300410,5947990
90004,2341420,5937440
90005,2335530,5937810
90006,2331050,5942470
90007,2323670,5945070
90008,2317200,5925830
90011,2316090,5952890
90012,2337350,5959370
90013,2329390,5958600
90014,2329030,5955110
90015,2327830,5950710
90016,2324270,5924130
90017,2332720,5951420
90018,2323940,5935200
90019,2331530,5928930
90020,2337810,5937690
90021,2323880,5959090
90022,2321640,5984280
90023,2320930,5970660
90024,2338200,5899930
90025,2330930,5896220
90026,2342050,5951880
90027,2359070,5944070
90028,2350120,5932900
90029,2346240,5942620
90031,2342210,5967560
90032,2342230,5977650
90033,2331370,5967710
90034,2325380,5910400
90035,2332990,5915330
90036,2339520,5925670
90037,2314550,5944150
90038,2346140,5932900
90039,2354250,5952880
90040,2310390,5986050
90041,2362970,5969360
90042,2354880,5973870
90043,2309720,5929620
90044,2296470,5942580
90045,2297170,5909320
90046,2353020,5921510
90047,2296910,5937350
90048,2340650,5918830
90049,2346420,5883970
90056,2311620,5917950
90057,2336110,5947680
90058,2313970,5966260
90059,2286200,5955010
90061,2284520,5947650
90062,2314900,5937690
90063,2329070,5975470
90064,2327910,5902970
90065,2353000,5962930
90066,2315130,5900590
90067,2335250,5906180
90068,2360390,5932560
90069,2348430,5916350
90071,2332420,5954190
90073,2336080,5894880
90077,2352770,5894020
90089,2321370,5944200
90094,2305580,5904710
90095,2340080,5897620
90201,2302180,5979310
90210,2351530,5906360
90211,2337710,5915630
90212,2336800,5910000
90220,2269780,5958810
90221,2271590,5968110
90222,2281460,5959230
90230,2312390,5910200
90232,2320710,5912620
90240,2296860,5995150
90241,2291140,5991890
90242,2284440,5987910
90245,2284070,5908900
90247,2274020,5940280
90248,2269120,5944240
90249,2277870,5934410
90250,2282770,5924880
90254,2265180,5910050
90255,2304770,5965320
90260,2273400,5923790
90262,2285250,5969870
90263,2330570,5816980
90265,2340940,5784610
90266,2274030,5909950
90270,2308830,5974320
90272,2344190,5866920
90274,2232900,5917770
90275,2224970,5919420
90277,2252480,5913640
90278,2267960,5918100
90280,2292760,5972680
90290,2352770,5846720
90291,2312510,5890810
90293,2296840,5898000
90301,2298120,5922250
90302,2304790,5923290
90303,2290630,5930470
90304,2291070,5922120
90305,2298640,5930600
90401,2320260,5881960
90402,2327640,5878980
90403,2325950,5882820
90404,2324420,5887910
90405,2318900,5889360
90501,2253170,5934820
90502,2253590,5941290
90503,2256450,5923540
90504,2266320,5930310
90505,2244320,5924300
90506,2271660,5929770
90601,2313020,6021790
90602,2301170,6021690
90603,2292140,6033420
90604,2286610,6026950
90605,2293630,6023820
90606,2303870,6011170
90620,2256100,6026840
90621,2266440,6032550
90623,2257760,6017890
90630,2245960,6018560
90631,2290540,6045620
90638,2276550,6027940
90639,2277770,6026190
90640,2317860,5997710
90650,2278540,6005530
90660,2308350,6003790
90670,2287390,6012040
90680,2239560,6031600
90701,2264190,6005970
90703,2264290,6009580
90704,2014160,5886760
90706,2271870,5991960
90710,2240160,5939130
90712,2257830,5985680
90713,2257230,5996140
90715,2254310,6006350
90716,2250730,6007940
90717,2238410,5933470
90720,2237910,6010640
90723,2275580,5980650
90731,2219390,5944910
90732,2219430,5935020
90740,2223190,6008120
90742,2209660,6007750
90744,2234190,5950580
90745,2248820,5950580
90746,2262720,5951980
90747,2263450,5952450
90755,2241150,5979130
90802,2225530,5967250
90803,2226020,5992170
90804,2233710,5984450
90805,2263750,5975550
90806,2242010,5972610
90807,2250630,5976100
90808,2248440,5995230
90810,2247400,5962990
90813,2233190,5968470
90814,2229650,5986090
90815,2238420,5994810
90822,2217880,5951850
90840,2233950,5995070
91001,2383720,5990700
91006,2361190,6024010
91007,2359080,6017550
91008,2367920,6042230
91010,2364170,6045670
91011,2394270,5999140
91016,2372470,6037420
91020,2390180,5962770
91024,2373720,6017170
91030,2352980,5984350
91040,2413780,5936960
91042,2427580,5970480
91101,2366040,5990140
91103,2373550,5982420
91104,2373750,5994940
91105,2363720,5981260
91106,2363230,5993500
91107,2370210,6005840
91108,2357090,5997590
91123,2364750,5984380
91201,2375500,5944860
91202,2374620,5951050
91203,2368980,5952320
91204,2362930,5953240
91205,2362990,5958410
91206,2371570,5967360
91207,2380520,5954110
91208,2384600,5959810
91214,2399040,5958530
91301,2361220,5800270
91302,2361390,5828190
91303,2387550,5850500
91304,2397250,5841230
91306,2391820,5858430
91307,2388400,5821940
91311,2419510,5850400
91316,2375100,5876180
91320,2369800,5735950
91321,2446620,5885620
91324,2401970,5866420
91325,2401140,5876090
91326,2417240,5864990
91330,2403170,5873520
91331,2407300,5905820
91335,2388370,5869010
91340,2418780,5901650
91342,2440360,5926910
91343,2401560,5887370
91344,2421140,5880170
91345,2411530,5893820
91350,2470200,5879210
91351,2472510,5894460
91352,2397750,5925750
91354,2479710,5867370
91355,2467860,5853430
91356,2371150,5866790
91360,2395510,5766420
91361,2370650,5766470
91362,2387170,5784720
91364,2371930,5852110
91367,2379820,5846040
91371,2382290,5856890
91377,2384350,5800990
91381,2449490,5848560
91384,2517930,5840640
91387,2460820,5911910
91390,2505510,5915730
91401,2379220,5901840
91402,2396100,5898210
91403,2367990,5892080
91405,2387710,5897050
91406,2387160,5884410
91411,2379300,5893490
91423,2368420,5901270
91436,2369440,5882640
91501,2387390,5942170
91502,2378650,5938010
91504,2387800,5933060
91505,2378310,5927120
91506,2376100,5934310
91521,2370920,5933820
91522,2367870,5930070
91523,2369960,5931380
91601,2375250,5919750
91602,2368860,5921460
91604,2364990,5913140
91605,2389560,5911360
91606,2382130,5914770
91607,2374820,5911350
91608,2364380,5925340
91701,2360360,6152900
91702,2395660,6082560
91706,2347630,6041680
91708,2293420,6137970
91709,2292830,6114100
91710,2312100,6128480
91711,2356920,6118120
91722,2346860,6060330
91723,2342300,6066110
91724,2340600,6075520
91730,2346320,6159150
91731,2340780,6019290
91732,2338350,6027230
91733,2328760,6015510
91737,2365280,6158440
91739,2359110,6175640
91740,2354380,6076280
91741,2367340,6080470
91744,2322200,6050430
91745,2311810,6037980
91746,2327940,6034960
91748,2302840,6061830
91750,2363070,6104120
91752,2308410,6172440
91754,2331600,5987380
91755,2329990,5996930
91759,2391660,6160450
91761,2322690,6154860
91762,2322860,6138700
91763,2336710,6123050
91764,2337510,6152100
91765,2306460,6087160
91766,2326040,6105050
91767,2340350,6110950
91768,2333950,6095510
91770,2335870,6006420
91773,2349940,6089720
91775,2354130,6004950
91776,2345110,6002880
91780,2349240,6015030
91784,2361720,6135240
91786,2348690,6133640
91789,2318810,6075580
91790,2336130,6050550
91791,2333550,6063680
91792,2320680,6061720
91801,2345580,5993000
91803,2339900,5987430
91901,1874070,6418790
91902,1825850,6329330
91905,1844120,6545720
91906,1833150,6479630
91910,1812850,6313650
91911,1801570,6315270
91913,1810320,6334990
91914,1823440,6346410
91915,1804550,6342300
91916,1915100,6443590
91917,1802280,6395550
91932,1790360,6293930
91934,1809660,6574380
91935,1829880,6387250
91941,1857090,6332960
91942,1863610,6324360
91945,1847470,6320620
91950,1823970,6302610
91962,1874980,6499110
91963,1812290,6449320
91977,1843860,6332240
91978,1839900,6348880
91980,1793600,6434770
92003,2048550,6271400
92004,2019130,6551760
92007,1952160,6249000
92008,1998660,6234650
92009,1979810,6256830
92010,2002190,6245090
92011,1984220,6241710
92014,1933650,6256330
92019,1864340,6368190
92020,1870340,6340260
92021,1885700,6371420
92024,1966410,6253590
92025,1975260,6323310
92026,2022480,6297420
92027,1994010,6337210
92028,2092510,6255990
92029,1974260,6291680
92036,1923390,6522450
92037,1891270,6254020
92040,1912600,6367510
92054,2015960,6223390
92055,2082470,6206470
92056,2018560,6243750
92057,2037040,6243630
92058,2042580,6223930
92059,2084150,6341600
92061,2055610,6354430
92064,1939040,6325350
92065,1959680,6378530
92066,2040470,6469740
92067,1951220,6271400
92069,2008640,6283870
92070,2012900,6406990
92071,1895600,6327040
92075,1943280,6252590
92078,1988050,6275270
92081,2005090,6258440
92082,2036530,6333920
92083,2017120,6256330
92084,2025840,6269520
92086,2054780,6430590
92091,1952380,6268890
92093,1901870,6259600
92096,1991770,6283250
92101,1844080,6278770
92102,1841840,6294540
92103,1852940,6279750
92104,1851190,6292080
92105,1849200,6302590
92106,1842660,6259060
92107,1851070,6256200
92108,1862470,6286860
92109,1869260,6259400
92110,1859050,6269400
92111,1876680,6279830
92113,1834470,6294590
92114,1838250,6314020
92115,1857720,6309080
92116,1859210,6293300
92117,1881200,6269850
92118,1826350,6279120
92119,1874300,6321800
92120,1869860,6308830
92121,1907910,6269540
92122,1893170,6267940
92123,1874700,6289760
92124,1880570,6302260
92126,1913050,6287520
92127,1951970,6293830
92128,1943580,6309440
92129,1931860,6293150
92130,1926420,6268630
92131,1915270,6310350
92132,1842732,6278505
92134,1845130,6286040
92135,1835720,6266670
92136,1828370,6293940
92139,1828110,6315850
92140,1850480,6270510
92145,1896720,6297440
92147,1844566,6263742
92152,1833340,6255150
92154,1787080,6330680
92155,1826710,6281240
92161,1899477,6258957
92173,1782600,6315070
92179,1789485,6349974
92182,1863050,6308570
92201,2200770,6566300
92203,2217200,6564270
92210,2199710,6534300
92211,2222900,6536520
92220,2286780,6379200
92223,2281370,6339670
92225,2200660,7054450
92227,1947340,6812570
92230,2275270,6401360
92231,1829680,6778130
92233,2011390,6776370
92234,2241110,6495710
92236,2194370,6586270
92239,2228020,6819930
92240,2294380,6479690
92241,2256800,6538270
92242,2379070,7131730
92243,1861900,6761000
92249,1842600,6804870
92250,1869920,6836260
92251,1897340,6754590
92252,2364510,6550140
92253,2181750,6552350
92254,2122040,6660230
92256,2343040,6457010
92257,2070320,6726600
92258,2280420,6466080
92259,1851070,6636480
92260,2195160,6517250
92262,2257610,6465060
92264,2213320,6474620
92267,2420280,7176950
92270,2222600,6508450
92274,1987560,6657730
92276,2243630,6522260
92277,2383000,6703480
92278,2478320,6594400
92280,2383920,7002910
92281,1973720,6737820
92282,2293740,6436620
92283,1974340,6949390
92284,2370490,6495270
92285,2466150,6470680
92301,2553430,6176180
92304,2565500,6686560
92305,2368770,6373170
92307,2523800,6296680
92308,2463310,6288300
92309,2804090,6616350
92310,2804500,6446490
92311,2627310,6330740
92313,2320560,6239440
92314,2407940,6361390
92315,2398530,6360640
92316,2330950,6215360
92317,2398630,6269870
92318,2326700,6263680
92320,2303390,6319230
92321,2397890,6283130
92322,2393980,6235890
92324,2322240,6245170
92325,2398800,6246550
92327,2617420,6383270
92328,3190410,6302240
92332,2529180,6868640
92333,2407370,6351830
92335,2341310,6193370
92336,2359740,6194660
92337,2327570,6191680
92338,2633670,6531430
92339,2340670,6382740
92341,2395070,6311860
92342,2591510,6229710
92344,2451940,6213200
92345,2449420,6242360
92346,2351990,6280660
92347,2690440,6246180
92350,2327520,6254590
92352,2405820,6275910
92354,2327000,6258290
92356,2499930,6372970
92358,2408240,6173130
92359,2350310,6309680
92363,2530580,7038790
92364,2788990,6807140
92365,2619040,6433590
92368,2551670,6247780
92371,2475880,6172430
92372,2470860,6144920
92373,2309840,6287600
92374,2333690,6282440
92376,2349690,6219510
92377,2365860,6212090
92378,2393040,6266540
92382,2380720,6296180
92384,3090220,6493310
92385,2384710,6297420
92386,2396570,6386310
92389,2990000,6634000
92391,2395630,6263820
92392,2484070,6212710
92394,2514630,6234530
92395,2492130,6246960
92397,2437130,6157530
92398,2639220,6383430
92399,2322300,6332150
92401,2347470,6246350
92404,2373500,6251860
92405,2362150,6243180
92407,2402740,6241830
92408,2339740,6254710
92410,2347810,6244760
92411,2353700,6236620
92415,2347450,6247500
92501,2307690,6221150
92503,2269450,6198480
92504,2275510,6213060
92505,2285700,6183980
92506,2285160,6224100
92507,2300060,6235900
92508,2270220,6235610
92509,2310840,6199230
92518,2267200,6251130
92521,2297650,6232780
92530,2166440,6212730
92532,2198150,6239520
92536,2119700,6391750
92539,2145690,6425480
92543,2199890,6339880
92544,2177850,6364200
92545,2210660,6321330
92548,2221460,6300130
92549,2229190,6401510
92551,2265640,6265400
92553,2280950,6259720
92555,2273870,6301480
92557,2298670,6255810
92561,2157510,6491720
92562,2144470,6251450
92563,2156450,6288710
92567,2239670,6302540
92570,2230700,6236220
92571,2247520,6276380
92582,2238560,6328720
92583,2232550,6358050
92584,2185160,6280270
92585,2214990,6281980
92586,2202010,6272780
92587,2198430,6257880
92590,2120110,6266430
92591,2138420,6299220
92592,2128740,6328900
92595,2170100,6254090
92596,2177700,6311340
92602,2216770,6109060
92603,2174890,6092600
92604,2197450,6093660
92606,2201020,6086360
92610,2203580,6131210
92612,2187540,6082080
92614,2195400,6080190
92617,2180910,6077010
92618,2193730,6112500
92620,2204860,6103570
92624,2113360,6130060
92625,2166320,6069740
92626,2194750,6057110
92627,2183550,6053350
92629,2120550,6117960
92630,2181770,6124770
92637,2168350,6111370
92646,2189910,6038900
92647,2211430,6027560
92648,2196420,6025480
92649,2210760,6015900
92651,2150350,6097760
92653,2162020,6120550
92655,2219100,6034260
92656,2156060,6110250
92657,2162160,6080860
92660,2177840,6067190
92661,2166510,6058800
92662,2168260,6061460
92663,2175080,6049590
92672,2090210,6163720
92673,2116020,6146430
92675,2151930,6167400
92676,2217440,6148970
92677,2138740,6118470
92679,2183100,6161930
92683,2221860,6031600
92688,2175470,6147380
92691,2168710,6130510
92692,2168250,6137470
92694,2145940,6138400
92697,2182750,6077380
92701,2219680,6072700
92703,2220010,6058410
92704,2209910,6057420
92705,2222620,6086280
92706,2226170,6065840
92707,2205520,6068830
92708,2206320,6044260
92780,2214930,6084610
92782,2211690,6090470
92801,2255270,6044980
92802,2241740,6053320
92804,2245850,6037850
92805,2249530,6058870
92806,2252440,6069690
92807,2256360,6094320
92808,2245100,6121110
92821,2285010,6065790
92823,2285290,6089430
92831,2267540,6061970
92832,2263720,6051950
92833,2268090,6042340
92835,2275890,6056340
92840,2233710,6050650
92841,2234400,6035510
92843,2225710,6050710
92844,2226480,6039080
92845,2233150,6021890
92860,2282540,6166600
92861,2244570,6087800
92865,2248990,6076240
92866,2232830,6077160
92867,2243970,6083660
92868,2234110,6067510
92869,2238560,6098760
92870,2267900,6074440
92879,2266260,6170670
92880,2282570,6149440
92881,2251800,6183190
92882,2253030,6149620
92883,2224090,6184010
92886,2273350,6092840
92887,2268520,6111890
93001,2447710,5633250
93003,2421950,5664670
93004,2421990,5681010
93010,2402610,5707570
93012,2393410,5732500
93013,2473850,5576870
93015,2466330,5770300
93021,2430000,5771950
93022,2467940,5642130
93023,2509490,5651340
93030,2395400,5675810
93033,2375320,5692510
93035,2387710,5662180
93036,2406370,5678060
93040,2487790,5802340
93041,2374700,5678860
93042,2359340,5695200
93043,2379250,5667340
93060,2457530,5700430
93063,2421010,5824850
93065,2419990,5800490
93066,2427050,5721340
93067,2476500,5552470
93101,2477490,5518910
93103,2482930,5526110
93105,2534040,5502820
93106,2477440,5476240
93108,2488410,5568600
93109,2472870,5513060
93110,2483760,5500630
93111,2490130,5490510
93117,2508230,5417690
93202,3165360,5541660
93203,2723560,5789730
93204,3021780,5425980
93205,2888740,5894720
93206,2840180,5598450
93207,2999120,5777790
93210,3132420,5334970
93212,3070330,5588710
93215,2964680,5699550
93219,3004580,5642780
93221,3159800,5728320
93222,2627810,5682030
93223,3155170,5690290
93224,2769210,5566190
93225,2616120,5712380
93226,2949320,5840890
93230,3158320,5567050
93234,3160950,5428430
93235,3188790,5686150
93238,2944280,5931790
93239,3032500,5518280
93240,2905370,5915360
93241,2774040,5765990
93242,3216100,5541270
93243,2611450,5788440
93244,3187110,5761760
93245,3160470,5499820
93247,3123790,5727860
93249,2923840,5493220
93250,2923250,5698280
93251,2820830,5543810
93252,2624150,5626200
93254,2677500,5483540
93255,2916580,6006310
93256,3039760,5657040
93257,3047180,5784120
93260,2976990,5840440
93262,3265640,5826560
93263,2863910,5651650
93265,3112800,5845490
93266,3098640,5506210
93267,3099330,5722740
93268,2748320,5612630
93270,3026250,5732730
93271,3201840,5828150
93272,3066560,5649320
93274,3114350,5640490
93276,2766120,5651920
93277,3158850,5637810
93280,2919440,5615300
93283,2859110,5975730
93285,2910370,5865710
93286,3236590,5740600
93287,2950820,5791840
93291,3191700,5642300
93292,3184600,5685350
93301,2822500,5735370
93304,2806180,5734000
93305,2823910,5745930
93306,2846300,5792420
93307,2775190,5766570
93308,2883800,5764940
93309,2807870,5721860
93311,2752950,5684920
93312,2825950,5705940
93313,2732440,5726620
93314,2827030,5673010
93401,2784430,5256260
93402,2805860,5195140
93405,2801800,5220150
93407,2808960,5245200
93420,2747970,5316460
93422,2869650,5240090
93426,3018370,5162490
93427,2565510,5363850
93428,2917080,5143300
93429,2631820,5270140
93430,2881100,5172770
93432,2869450,5301530
93433,2743060,5254650
93434,2677540,5252230
93435,2889590,5135710
93436,2552430,5314920
93437,2576670,5264900
93440,2599350,5351230
93441,2593130,5408550
93442,2848030,5205290
93444,2707630,5289990
93445,2736720,5255850
93446,2937930,5228480
93449,2756920,5245840
93450,3086350,5217160
93451,3012950,5297540
93452,2965900,5102760
93453,2779140,5431800
93454,2669440,5366230
93455,2632280,5318340
93458,2681770,5289890
93460,2574620,5439800
93461,2918980,5363780
93463,2548570,5394500
93465,2894640,5232950
93501,2696460,5995060
93505,2741610,6090850
93510,2476840,5974340
93512,3700300,5870660
93513,3512980,6076550
93514,3579100,5943440
93516,2673500,6158470
93517,3873160,5741690
93518,2809520,5905660
93519,2805750,6073290
93523,2673710,6074970
93524,2639580,6139760
93526,3377710,6078550
93527,2933060,6062740
93528,2809540,6140990
93529,3707760,5765750
93531,2762820,5858460
93532,2564750,5865400
93534,2574310,5990970
93535,2578520,6067520
93536,2589600,5911170
93541,3784290,5777180
93543,2496350,6053180
93544,2486190,6110460
93545,3184150,6046830
93546,3635290,5802060
93550,2489410,6011650
93551,2529900,5967800
93552,2522810,6028300
93553,2477730,6067130
93554,2823870,6120900
93555,2926670,6205060
93560,2649670,5887770
93561,2734580,5888040
93562,2918170,6232480
93563,2423190,6071700
93591,2530720,6091240
93601,3556010,5544880
93602,3444700,5632020
93603,3280090,5758740
93604,3530900,5600160
93608,3249860,5366660
93609,3246950,5497220
93610,3458260,5386080
93611,3354000,5555770
93612,3349600,5546750
93614,3493240,5543910
93615,3233260,5668560
93616,3289970,5579660
93618,3239790,5638180
93619,3384710,5587170
93620,3448470,5281020
93621,3316220,5740580
93622,3372150,5295410
93623,3598350,5572670
93625,3279480,5557470
93626,3437250,5564710
93627,3233050,5407890
93628,3335540,5778700
93630,3317110,5426130
93631,3225570,5599940
93633,3352520,5838250
93635,3424870,5180060
93636,3412500,5501470
93637,3389050,5416010
93638,3434680,5455110
93640,3288120,5294970
93641,3300980,5740600
93643,3512130,5629210
93644,3568180,5613360
93645,3477950,5569020
93646,3278850,5672340
93647,3258770,5693690
93648,3277300,5600810
93650,3360000,5520700
93651,3415340,5606230
93652,3271370,5487620
93653,3516900,5479600
93654,3292450,5637200
93656,3218980,5477200
93657,3345950,5633850
93660,3272900,5407250
93662,3251200,5564320
93664,3452440,5737930
93667,3410520,5642420
93668,3305040,5371450
93669,3518560,5598610
93675,3310050,5696450
93701,3326600,5523550
93702,3322670,5533240
93703,3333430,5531320
93704,3345080,5520250
93705,3340630,5512080
93706,3292470,5488490
93710,3353220,5532450
93711,3358200,5512010
93720,3366420,5532660
93721,3320520,5524510
93722,3346700,5497590
93723,3341080,5474940
93725,3281070,5536860
93726,3342630,5531860
93727,3326590,5549840
93728,3329860,5514940
93730,3382360,5534480
93737,3327640,5566000
93741,3333150,5521350
93901,3316960,4975790
93905,3324340,4987800
93906,3340660,4983590
93907,3359410,4975090
93908,3306200,4989140
93920,3106540,4995340
93923,3232080,4919540
93924,3221860,4976090
93925,3288680,5045850
93926,3267990,5044710
93927,3154420,5050270
93930,3142610,5139180
93932,3067010,5084800
93933,3325290,4936190
93940,3291630,4917510
93943,3298130,4909030
93944,3300570,4896910
93950,3306910,4894100
93953,3294880,4888250
93955,3307430,4925200
93960,3219280,5060680
94002,3638770,4803440
94005,3704720,4774150
94010,3659570,4785050
94014,3705870,4764310
94015,3703130,4754280
94019,3631060,4769150
94020,3557470,4815590
94021,3541240,4809530
94022,3581270,4844600
94024,3575770,4860000
94025,3618520,4838350
94027,3615190,4829680
94028,3587090,4824310
94030,3672040,4775160
94035,3599890,4873380
94037,3652490,4743600
94038,3655240,4746450
94040,3586730,4862720
94041,3589500,4865690
94043,3600370,4866120
94044,3675420,4752500
94060,3529010,4785660
94061,3618890,4820510
94062,3602930,4800710
94063,3634700,4828630
94065,3646020,4819470
94066,3681210,4766540
94070,3632030,4811490
94074,3565450,4779410
94080,3692700,4770730
94085,3588500,4883100
94086,3582560,4880560
94087,3575390,4876250
94089,3601660,4883640
94102,3737840,4774170
94103,3735360,4776440
94104,3741920,4779520
94105,3740720,4781780
94107,3732060,4781050
94108,3742090,4777650
94109,3742790,4774000
94110,3726900,4774750
94111,3744710,4780250
94112,3716710,4766000
94114,3730300,4769050
94115,3740460,4769150
94116,3726260,4754050
94117,3734920,4767030
94118,3738990,4761920
94121,3739250,4752440
94122,3732760,4754660
94123,3745870,4769780
94124,3719890,4783090
94127,3722420,4761560
94128,3679560,4781330
94129,3745180,4761060
94130,3752010,4789530
94131,3725980,4766520
94132,3718060,4747700
94133,3746480,4776950
94134,3715650,4775200
94158,3734280,4782360
94301,3610960,4845240
94303,3614240,4853600
94304,3594890,4837850
94305,3604130,4839930
94306,3600370,4850700
94401,3661340,4798710
94402,3649460,4794150
94403,3647920,4802340
94404,3653680,4812860
94501,3733630,4815870
94502,3719320,4824930
94503,3885780,4838060
94505,3756210,5016160
94506,3740140,4924250
94507,3757780,4895410
94508,4030320,4783380
94509,3806010,4953520
94510,3849430,4864100
94512,3855290,4949170
94513,3774620,4980740
94514,3737350,4995870
94515,4044340,4739730
94517,3768870,4930820
94518,3793740,4892600
94519,3807350,4897930
94520,3817420,4889210
94521,3799840,4911720
94523,3795870,4877090
94525,3832770,4835960
94526,3743400,4899570
94528,3752570,4908450
94530,3787980,4814050
94531,3791860,4961680
94533,3913680,4901660
94534,3901330,4869870
94535,3909900,4923370
94536,3654660,4894910
94538,3628310,4896380
94539,3637280,4915860
94541,3694010,4869000
94542,3686180,4884990
94544,3678460,4876240
94545,3679070,4858330
94546,3722870,4867060
94547,3817610,4825110
94548,3796780,5000970
94549,3777110,4864200
94550,3627510,4999210
94551,3716020,4963190
94552,3704400,4891560
94553,3807330,4851930
94555,3647640,4867350
94556,3752140,4864560
94558,3997560,4833800
94559,3904020,4809720
94560,3636310,4879500
94561,3817450,4999770
94563,3767530,4843460
94564,3813880,4817590
94565,3815890,4925940
94566,3681780,4935010
94567,4063750,4786690
94568,3705520,4918420
94569,3830960,4846870
94571,3871820,4974130
94572,3824670,4829990
94574,4013630,4797240
94576,4019940,4774480
94577,3710610,4846680
94578,3706270,4857850
94579,3699540,4848050
94580,3695300,4854270
94582,3723630,4919980
94583,3725820,4898180
94585,3870650,4917620
94586,3652270,4929170
94587,3666020,4878790
94588,3706870,4928960
94589,3866770,4831410
94590,3853200,4830410
94591,3857240,4844980
94592,3862150,4812770
94595,3765490,4877550
94596,3771160,4887260
94597,3782600,4877760
94598,3775920,4898480
94599,3966700,4802760
94601,3733500,4832480
94602,3743210,4836200
94603,3718970,4843750
94605,3726270,4852170
94606,3739620,4825070
94607,3746280,4809910
94608,3756060,4814390
94609,3755330,4820350
94610,3746680,4826650
94611,3753330,4834090
94612,3745880,4818900
94613,3734310,4842680
94618,3758470,4828080
94619,3738190,4845510
94621,3718550,4834740
94702,3767130,4814640
94703,3766260,4817640
94704,3766750,4824110
94705,3763930,4827560
94706,3776000,4812520
94707,3778760,4817300
94708,3779180,4823000
94709,3771580,4820520
94710,3769120,4809720
94720,3769760,4827250
94801,3800080,4789520
94803,3802020,4817870
94804,3788080,4799740
94805,3795340,4805990
94806,3808880,4802470
94901,3811410,4753690
94903,3828920,4742750
94904,3801370,4741550
94920,3777970,4763300
94922,3949870,4634340
94923,3952030,4611580
94924,3797200,4695660
94925,3791690,4750410
94928,3949370,4707210
94929,3919380,4629860
94930,3808590,4717930
94931,3942340,4700090
94933,3827230,4701680
94937,3860250,4635690
94938,3827650,4697050
94939,3797640,4744860
94940,3897740,4647830
94941,3781770,4734530
94945,3867600,4742450
94946,3842150,4697780
94947,3863090,4719780
94949,3844120,4745680
94951,3940130,4722820
94952,3904620,4681190
94954,3903170,4743850
94956,3826460,4671240
94957,3807410,4736620
94960,3819990,4733160
94963,3822610,4705250
94964,3798530,4756860
94965,3763790,4747570
94970,3793810,4708380
94971,3914780,4642100
94972,3942040,4639770
94973,3823350,4714390
95002,3609590,4891160
95003,3448470,4915320
95004,3396050,4984090
95005,3484070,4854620
95006,3511660,4839590
95008,3548060,4898750
95010,3437730,4892650
95012,3361580,4948530
95013,3518250,4955990
95014,3559130,4858320
95017,3472490,4819180
95018,3476700,4865030
95019,3420070,4943840
95020,3443100,5002990
95023,3383560,5096640
95030,3527910,4887890
95032,3524250,4905300
95033,3500490,4894610
95035,3603590,4941700
95037,3498120,5001190
95039,3381160,4942240
95043,3243380,5177820
95045,3384970,5017580
95046,3472360,4998130
95050,3573720,4900890
95051,3573570,4891510
95053,3573100,4905080
95054,3589510,4898130
95060,3470980,4835150
95062,3436760,4882420
95064,3447650,4861880
95065,3458380,4885380
95066,3473990,4878190
95070,3540700,4870940
95073,3457340,4895920
95076,3421180,4951800
95110,3571540,4913240
95111,3547770,4935760
95112,3570240,4921010
95113,3566500,4918070
95116,3572200,4929920
95117,3559170,4897040
95118,3538050,4916930
95119,3527840,4946100
95120,3516650,4931690
95121,3554670,4941650
95122,3564060,4934710
95123,3532910,4934360
95124,3539150,4907530
95125,3552690,4916910
95126,3564640,4910700
95127,3580290,4947260
95128,3560810,4904930
95129,3558260,4885630
95130,3551180,4890960
95131,3586140,4917470
95132,3595220,4939750
95133,3580000,4928070
95134,3602360,4904370
95135,3545340,4970060
95136,3542870,4928620
95138,3531870,4961830
95139,3524700,4952620
95140,3583080,4984430
95141,3506750,4956840
95148,3565320,4951800
95192,3567010,4921240
95202,3786010,5105030
95203,3783800,5092420
95204,3791370,5095720
95205,3787670,5112930
95206,3771170,5064150
95207,3802040,5094990
95209,3818650,5088530
95210,3811950,5102890
95211,3793770,5097870
95212,3817190,5123670
95215,3778270,5144900
95219,3811000,5051490
95220,3872560,5137170
95222,3811600,5311390
95223,3929960,5432710
95228,3771820,5280330
95230,3781530,5233980
95231,3755980,5101290
95232,3922180,5313710
95236,3817150,5180740
95237,3858610,5153110
95240,3841950,5142410
95242,3853770,5069250
95245,3907070,5330760
95246,3873890,5335200
95247,3832460,5349790
95249,3859700,5299730
95251,3827810,5343710
95252,3852920,5241190
95255,3946780,5380860
95257,3929490,5357050
95258,3861280,5101610
95301,3540730,5280870
95303,3601020,5277230
95304,3699250,5073780
95306,3574850,5424880
95307,3633340,5194680
95310,3808550,5362980
95311,3676530,5444340
95313,3589710,5170300
95315,3584160,5246970
95316,3630130,5265310
95317,3479030,5319380
95318,3665240,5515890
95320,3730570,5181500
95321,3731090,5498830
95322,3503640,5184900
95323,3649090,5279920
95324,3574700,5210510
95326,3646200,5225400
95327,3742340,5335900
95328,3634770,5207710
95329,3679900,5357810
95330,3733130,5097430
95333,3513810,5400280
95334,3559490,5251690
95335,3863290,5499110
95336,3738760,5130610
95337,3705460,5115440
95338,3608700,5489610
95340,3557340,5361900
95341,3512750,5321540
95345,3632600,5480980
95346,3803200,5447390
95348,3559450,5319900
95350,3677020,5181280
95351,3659670,5182700
95354,3664010,5192860
95355,3676220,5198520
95356,3694710,5176130
95357,3673720,5215920
95358,3657550,5153530
95360,3533840,5107230
95361,3715600,5248150
95363,3600750,5105550
95364,3911840,5508040
95365,3528920,5375660
95366,3712330,5148480
95367,3697800,5200080
95368,3693770,5158280
95369,3615930,5351510
95370,3784870,5376330
95372,3785160,5402290
95374,3548250,5215630
95376,3707050,5059500
95377,3667540,5042490
95379,3762570,5409950
95380,3602920,5216820
95382,3623080,5224220
95383,3802330,5418220
95385,3663080,5108720
95386,3674950,5290340
95388,3582670,5308970
95389,3689410,5603800
95391,3720520,5021930
95401,3989480,4681450
95403,4007690,4694060
95404,3992470,4722010
95405,3982880,4717030
95407,3968070,4694250
95409,3988270,4737450
95410,4281980,4447380
95412,4089890,4527680
95415,4205980,4524930
95417,4452880,4477260
95420,4340930,4421720
95421,4064260,4565890
95422,4177180,4760930
95423,4231420,4739590
95425,4119580,4627150
95426,4130010,4698930
95427,4306000,4476390
95428,4476670,4613130
95429,4454380,4555990
95432,4254930,4443170
95436,4006650,4648220
95437,4376880,4448770
95439,4004310,4687760
95441,4097960,4641320
95442,3956110,4759060
95443,4199900,4710500
95444,3982910,4660380
95445,4142260,4507500
95446,4020570,4622120
95448,4053220,4668360
95449,4169500,4602870
95450,4015890,4569230
95451,4170540,4691530
95452,3975730,4756110
95453,4213470,4646430
95454,4482900,4514290
95456,4303770,4429080
95457,4139620,4767540
95458,4213270,4697120
95459,4206320,4461180
95460,4320780,4438260
95461,4100700,4741990
95462,3998570,4615400
95464,4228460,4683390
95465,3975230,4616620
95466,4237230,4484730
95467,4112750,4759760
95468,4174020,4481740
95469,4341520,4625170
95470,4304760,4552930
95472,3971180,4658460
95476,3910140,4774530
95482,4251840,4569890
95485,4271040,4661930
95488,4454370,4441370
95490,4373390,4539790
95492,4023290,4678380
95493,4262470,4647960
95494,4173440,4547390
95497,4106000,4493360
95501,4873260,4356570
95503,4841540,4369510
95511,4630930,4486330
95514,4681360,4481960
95519,4928170,4392560
95521,4890460,4390900
95524,4879110,4390390
95525,4923530,4445750
95526,4729950,4501080
95527,4855640,4563790
95528,4755380,4415770
95531,5229650,4427340
95536,4754260,4320180
95540,4796880,4357670
95542,4618420,4420260
95543,5277720,4478960
95546,5029930,4486130
95547,4782300,4369160
95548,5170020,4411430
95549,4804290,4421640
95550,4847020,4455110
95551,4825660,4327160
95552,4689180,4560770
95554,4677040,4421570
95555,5078280,4410310
95556,5039680,4539180
95558,4689020,4323020
95560,4626690,4418320
95562,4756850,4350650
95563,4875100,4509940
95564,4873140,4342140
95565,4742430,4381030
95567,5297450,4393390
95568,5151090,4596790
95569,4703880,4420430
95570,4994820,4393200
95573,4923570,4500560
95585,4509910,4460140
95587,4551900,4453760
95589,4592920,4379980
95595,4629330,4550260
95602,4160150,5172690
95603,4132640,5181680
95605,4020750,5043900
95606,4109760,4848980
95607,4069190,4881960
95608,4029720,5105180
95610,4054190,5122600
95612,3950560,5030700
95614,4120780,5207480
95615,3917810,5035240
95616,4012040,4967640
95618,4005290,5006080
95619,4043350,5253700
95620,3958210,4977760
95621,4054670,5112220
95623,4014890,5240640
95624,3960660,5109950
95626,4070400,5069770
95627,4076010,4912010
95628,4038350,5126750
95629,3981770,5290250
95630,4042200,5159210
95631,4185850,5319830
95632,3899130,5122360
95633,4103880,5251300
95634,4129530,5286400
95635,4128810,5228970
95636,4032890,5345360
95637,4123030,4858440
95638,3922610,5161430
95640,3918260,5211170
95641,3861160,5018150
95642,3917990,5263200
95645,4128870,4985560
95648,4137360,5114760
95650,4095640,5154040
95651,4100560,5224140
95652,4044180,5084640
95653,4061460,4920010
95655,4002510,5115500
95658,4119850,5159890
95659,4116810,5040180
95660,4049430,5091200
95661,4070790,5129810
95662,4051360,5137370
95663,4111880,5150600
95664,4089300,5187670
95665,3938370,5295400
95666,3990360,5406950
95667,4061850,5261690
95668,4102850,5062370
95669,3974020,5228810
95670,4021590,5118520
95672,4061300,5202100
95673,4054850,5069750
95674,4152740,5067640
95677,4088980,5135790
95678,4080100,5119020
95679,4144160,4817900
95681,4168440,5104580
95682,4018010,5209080
95683,3984040,5167090
95684,4007420,5336210
95685,3948650,5260350
95687,3931350,4931350
95688,3964120,4901130
95689,3965900,5306740
95690,3891000,5027350
95691,4030200,5032200
95692,4184960,5091390
95693,3942390,5129430
95694,4016040,4910460
95695,4061680,4955350
95698,4109290,4938480
95701,4247100,5281990
95703,4161480,5208570
95709,4066750,5292870
95713,4194180,5228440
95714,4231210,5256840
95715,4249900,5314530
95717,4219810,5250960
95720,4075230,5423530
95721,4084340,5464170
95722,4163680,5197420
95724,4247590,5371450
95726,4079080,5340880
95728,4302960,5354800
95735,4072730,5457760
95742,4012450,5139780
95746,4072350,5152170
95747,4085750,5094610
95757,3929030,5066860
95758,3959370,5068390
95762,4045950,5183860
95765,4099710,5123720
95776,4054750,5000650
95811,4018260,5058240
95814,4015870,5056370
95815,4024020,5071720
95816,4013320,5064920
95817,4004190,5067110
95818,4006760,5055560
95819,4010420,5072850
95820,3998190,5070240
95821,4030390,5088950
95822,3990790,5055130
95823,3976540,5069430
95824,3991840,5070820
95825,4017810,5082020
95826,4001230,5089120
95827,4003250,5104100
95828,3980870,5083260
95829,3979560,5100750
95830,3981430,5118240
95831,3985080,5045160
95832,3967150,5054050
95833,4028390,5051670
95834,4038910,5049720
95835,4049100,5049390
95836,4069910,5043870
95837,4059630,5031020
95838,4039000,5072330
95841,4042350,5100150
95842,4052360,5100280
95843,4062940,5097170
95864,4015770,5090450
95901,4245370,5074370
95903,4214050,5095390
95910,4339270,5258850
95912,4178860,4912930
95914,4317750,5107150
95915,4518940,5131230
95916,4421460,5115630
95917,4325910,4994560
95918,4270450,5116640
95919,4320950,5134250
95920,4343880,4946760
95922,4339190,5220580
95923,4592420,5181830
95925,4333180,5159860
95926,4446660,4979260
95928,4432450,4986840
95932,4272490,4917670
95934,4552230,5245270
95935,4300070,5155070
95936,4381800,5259000
95937,4127590,4894330
95938,4391760,4978270
95939,4374970,4754190
95941,4380180,5158520
95942,4564750,5077150
95943,4393020,4924930
95944,4356810,5272300
95945,4239460,5230110
95946,4233670,5148400
95947,4592030,5256840
95948,4298250,4996910
95949,4200400,5172330
95951,4443150,4936960
95953,4265030,4996320
95954,4512770,5064190
95955,4293910,4883790
95956,4489350,5213870
95957,4187720,4978520
95959,4285270,5239340
95960,4304930,5190790
95961,4183290,5045270
95962,4288920,5139080
95963,4444430,4839280
95965,4403930,5050940
95966,4342830,5093080
95968,4328380,5055440
95969,4435810,5038340
95970,4327720,4907730
95971,4496430,5214200
95972,4315270,5118440
95973,4489640,4972020
95975,4246280,5165900
95977,4235300,5128950
95979,4294010,4786070
95981,4429220,5209650
95982,4247400,4974570
95983,4537360,5301850
95984,4544490,5182410
95987,4216720,4842370
95988,4369350,4844250
95991,4179220,5031110
95993,4200600,5011620
96001,4768960,4821080
96002,4741470,4862040
96003,4792760,4866910
96006,4965760,5256340
96007,4713390,4865980
96008,4814920,4931150
96010,4857840,4625720
96013,4882160,5050820
96014,5039440,4757420
96015,5099710,5244930
96016,4862480,5095680
96017,4946610,4875830
96019,4798760,4848210
96020,4631750,5144160
96021,4513290,4811380
96022,4672820,4804030
96023,5247880,4961050
96024,4776360,4709720
96025,4996130,4873220
96027,5070730,4705880
96028,4922680,5095710
96031,4999950,4640940
96032,5153520,4724360
96033,4813740,4789310
96034,5086160,4785950
96035,4557250,4887060
96038,5133890,4824310
96039,5241350,4589210
96040,4824970,5118370
96041,4750440,4633410
96044,5267330,4834420
96046,4803140,4535930
96047,4723620,4750280
96048,4857310,4665540
96050,5245690,4728800
96051,4910340,4859900
96052,4869840,4724220
96054,5008420,5248210
96055,4567150,4919540
96056,4889150,5204120
96057,5000760,4966460
96058,5200050,5018070
96059,4693160,4969050
96061,4664970,5082450
96062,4753560,4925390
96063,4654490,5115800
96064,5187430,4885130
96065,4896820,4958100
96067,5040630,4878910
96069,4804670,4967530
96071,4748280,5100780
96073,4755270,4887590
96075,4672600,5003810
96076,4705700,4678500
96080,4611330,4832930
96085,5209130,4706390
96086,5241170,4631790
96087,4772970,4812870
96088,4728570,4999230
96091,4959530,4771840
96093,4830590,4689380
96094,5080860,4844240
96096,4775680,4996050
96097,5198170,4793810
96101,5071040,5389780
96103,4451190,5306310
96104,5030550,5489540
96105,4448590,5441070
96106,4425450,5350250
96107,3897240,5653450
96108,5192520,5315320
96109,4500150,5477050
96111,4299290,5483810
96112,5216490,5500210
96113,4608160,5459720
96114,4586360,5344120
96115,5140630,5490380
96116,4985810,5378510
96117,4680110,5409390
96118,4399960,5452130
96119,4924910,5374720
96120,4036490,5533010
96121,4583340,5398840
96122,4486690,5396590
96123,4870900,5467870
96124,4373720,5354850
96125,4363600,5307410
96126,4360170,5437090
96128,4649620,5399400
96129,4440320,5388340
96130,4720420,5333590
96132,4849860,5360620
96133,4004450,5615290
96134,5188770,5115670
96136,4656230,5431750
96137,4633080,5203390
96140,4238240,5464680
96141,4175910,5429040
96142,4173370,5445450
96143,4252130,5484180
96145,4205300,5451770
96146,4223820,5430380
96148,4241480,5477760
96150,4119250,5479040
96161,4273680,5440010
96162,4269010,5397860
